typeCode,freqCode,refPeriodId,refYear,refMonth,period,reporterCode,reporterISO,reporterDesc,flowCode,flowDesc,partnerCode,partnerISO,partnerDesc,partner2Code,partner2ISO,partner2Desc,classificationCode,classificationSearchCode,isOriginalClassification,cmdCode,cmdDesc,aggrLevel,isLeaf,customsCode,customsDesc,mosCode,motCode,motDesc,qtyUnitCode,qtyUnitAbbr,qty,isQtyEstimated,altQtyUnitCode,altQtyUnitAbbr,altQty,isAltQtyEstimated,netWgt,isNetWgtEstimated,grossWgt,isGrossWgtEstimated,cifvalue,fobvalue,primaryValue,legacyEstimationFlag,isReported,isAggregate
"C","A","20220101","2022","52","2022","8","ALB","Albania","M","Import","0","W00","World","0","W00","World","H6","HS","true","6309","Textiles; worn clothing and other worn articles","4","false","C00","TOTAL CPC","0","0","TOTAL MOT","8","kg","69.8","false","8","kg","69.8","false","69.8","false","0","false","1446.373",,"1446.373","0","false","true",
"C","A","20220101","2022","52","2022","20","AND","Andorra","M","Import","0","W00","World","0","W00","World","H6","HS","true","6309","Textiles; worn clothing and other worn articles","4","false","C00","TOTAL CPC","0","0","TOTAL MOT","8","kg","529572.28","false","8","kg","529572.28","false","529572.28","false","0","false","971802.63",,"971802.63","0","false","true",
"C","A","20220101","2022","52","2022","24","AGO","Angola","M","Import","0","W00","World","0","W00","World","H5","HS","true","6309","Textiles; worn clothing and other worn articles","4","false","C00","TOTAL CPC","0","0","TOTAL MOT","8","kg","93139216.98","false","8","kg","93139216.98","false","93139216.98","false","0","false","91202992.37","78958533.27","91202992.37","0","false","true",
"C","A","20220101","2022","52","2022","28","ATG","Antigua and Barbuda","M","Import","0","W00","World","0","W00","World","H3","HS","true","6309","Textiles; worn clothing and other worn articles","4","false","C00","TOTAL CPC","0","0","TOTAL MOT","8","kg","17402.33","false","5","u","3474","false","17402.33","false","0","false","26407.826",,"26407.826","0","false","true",
"C","A","20220101","2022","52","2022","31","AZE","Azerbaijan","M","Import","0","W00","World","0","W00","World","H6","HS","true","6309","Textiles; worn clothing and other worn articles","4","false","C00","TOTAL CPC","0","0","TOTAL MOT","8","kg","788460.73","false","8","kg","788460.73","false","788460.73","false","0","false","2229819.08",,"2229819.08","0","false","true",
"C","A","20220101","2022","52","2022","32","ARG","Argentina","M","Import","0","W00","World","0","W00","World","H5","HS","true","6309","Textiles; worn clothing and other worn articles","4","false","C00","TOTAL CPC","0","0","TOTAL MOT","8","kg","47.85","false","8","kg","47.85","false","47.85","false","0","false","1089.88","1036.32","1089.88","0","false","true",
"C","A","20220101","2022","52","2022","36","AUS","Australia","M","Import","0","W00","World","0","W00","World","H6","HS","true","6309","Textiles; worn clothing and other worn articles","4","false","C00","TOTAL CPC","0","0","TOTAL MOT","8","kg","5089511.402","true","-1","N/A","0","false","5089511.402","true","0","false","6679916.225","5473235.775","6679916.225","6","false","true",
"C","A","20220101","2022","52","2022","40","AUT","Austria","M","Import","0","W00","World","0","W00","World","H6","HS","true","6309","Textiles; worn clothing and other worn articles","4","false","C00","TOTAL CPC","0","0","TOTAL MOT","8","kg","6024240.125","true","-1","N/A","0","false","6024240.125","true","0","false","10663968.638",,"10663968.638","6","false","true",
"C","A","20220101","2022","52","2022","44","BHS","Bahamas","M","Import","0","W00","World","0","W00","World","H5","HS","true","6309","Textiles; worn clothing and other worn articles","4","false","C00","TOTAL CPC","0","0","TOTAL MOT","8","kg","201467.672","true","-1","N/A","0","false","201467.672","true","0","false","1020757",,"1020757","6","false","true",
"C","A","20220101","2022","52","2022","48","BHR","Bahrain","M","Import","0","W00","World","0","W00","World","H6","HS","true","6309","Textiles; worn clothing and other worn articles","4","false","C00","TOTAL CPC","0","0","TOTAL MOT","8","kg","14337.79","false","5","u","598","false","14337.79","false","0","false","17315.798",,"17315.798","0","false","true",
"C","A","20220101","2022","52","2022","51","ARM","Armenia","M","Import","0","W00","World","0","W00","World","H6","HS","true","6309","Textiles; worn clothing and other worn articles","4","false","C00","TOTAL CPC","0","0","TOTAL MOT","8","kg","680418.63","false","8","kg","680418.63","false","681860.63","false","0","false","2056747.06",,"2056747.06","0","false","true",
"C","A","20220101","2022","52","2022","56","BEL","Belgium","M","Import","0","W00","World","0","W00","World","H6","HS","true","6309","Textiles; worn clothing and other worn articles","4","false","C00","TOTAL CPC","0","0","TOTAL MOT","-1","N/A","0","false","-1","N/A","0","false",,"false","0","false","41926813.19",,"41926813.19","0","false","true",
"C","A","20220101","2022","52","2022","60","BMU","Bermuda","M","Import","0","W00","World","0","W00","World","H6","HS","true","6309","Textiles; worn clothing and other worn articles","4","false","C00","TOTAL CPC","0","0","TOTAL MOT","8","kg","6171.25","false","8","kg","6171.25","false","6171.25","false","0","false",,"150110.22","150110.22","0","false","true",
"C","A","20220101","2022","52","2022","64","BTN","Bhutan","M","Import","0","W00","World","0","W00","World","H6","HS","true","6309","Textiles; worn clothing and other worn articles","4","false","C00","TOTAL CPC","0","0","TOTAL MOT","8","kg","22114.581","true","-1","N/A","0","false","22114.581","true","0","false","26979.656",,"26979.656","6","false","true",
"C","A","20220101","2022","52","2022","70","BIH","Bosnia Herzegovina","M","Import","0","W00","World","0","W00","World","H6","HS","true","6309","Textiles; worn clothing and other worn articles","4","false","C00","TOTAL CPC","0","0","TOTAL MOT","-1","N/A","0","false","-1","N/A","0","false",,"false","0","false","5727384.32",,"5727384.32","0","false","true",
"C","A","20220101","2022","52","2022","72","BWA","Botswana","M","Import","0","W00","World","0","W00","World","H6","HS","true","6309","Textiles; worn clothing and other worn articles","4","false","C00","TOTAL CPC","0","0","TOTAL MOT","8","kg","251740.73","false","-1","N/A","0","false","488204.255","false","0","false","473466.223",,"473466.223","0","false","true",
"C","A","20220101","2022","52","2022","76","BRA","Brazil","M","Import","0","W00","World","0","W00","World","H6","HS","true","6309","Textiles; worn clothing and other worn articles","4","false","C00","TOTAL CPC","0","0","TOTAL MOT","8","kg","146181","false","8","kg","146181","false","146181","false","0","false","144061","108649","144061","0","false","true",
"C","A","20220101","2022","52","2022","84","BLZ","Belize","M","Import","0","W00","World","0","W00","World","H5","HS","true","6309","Textiles; worn clothing and other worn articles","4","false","C00","TOTAL CPC","0","0","TOTAL MOT","8","kg","4963265.776","true","-1","N/A","0","false","4963265.776","true","0","false","5352230.075",,"5352230.075","6","false","true",
"C","A","20220101","2022","52","2022","96","BRN","Brunei Darussalam","M","Import","0","W00","World","0","W00","World","H5","HS","true","6309","Textiles; worn clothing and other worn articles","4","false","C00","TOTAL CPC","0","0","TOTAL MOT","8","kg","155244.185","true","-1","N/A","0","false","155244.185","true","0","false","94676.67",,"94676.67","6","false","true",
"C","A","20220101","2022","52","2022","100","BGR","Bulgaria","M","Import","0","W00","World","0","W00","World","H6","HS","true","6309","Textiles; worn clothing and other worn articles","4","false","C00","TOTAL CPC","0","0","TOTAL MOT","8","kg","48966861","false","8","kg","48966861","false","48966861","false","0","false","56376531.595",,"56376531.595","0","false","true",
"C","A","20220101","2022","52","2022","104","MMR","Myanmar","M","Import","0","W00","World","0","W00","World","H6","HS","true","6309","Textiles; worn clothing and other worn articles","4","false","C00","TOTAL CPC","0","0","TOTAL MOT","8","kg","2868.695","true","-1","N/A","0","false","2868.695","true","0","false","2746.59",,"2746.59","6","false","true",
"C","A","20220101","2022","52","2022","108","BDI","Burundi","M","Import","0","W00","World","0","W00","World","H6","HS","true","6309","Textiles; worn clothing and other worn articles","4","false","C00","TOTAL CPC","0","0","TOTAL MOT","-1","N/A","0","false","-1","N/A","0","false","19131263.7","false","0","false","23382802.59",,"23382802.59","0","false","true",
"C","A","20220101","2022","52","2022","116","KHM","Cambodia","M","Import","0","W00","World","0","W00","World","H6","HS","true","6309","Textiles; worn clothing and other worn articles","4","false","C00","TOTAL CPC","0","0","TOTAL MOT","8","kg","60339622.3","false","8","kg","60339622.3","false","60339622.3","false","0","false","48622645.51",,"48622645.51","0","false","true",
"C","A","20220101","2022","52","2022","120","CMR","Cameroon","M","Import","0","W00","World","0","W00","World","H6","HS","true","6309","Textiles; worn clothing and other worn articles","4","false","C00","TOTAL CPC","0","0","TOTAL MOT","8","kg","59430776","false","8","kg","59430776","false","59430776","false","0","false","52835091.351",,"52835091.351","0","false","true",
"C","A","20220101","2022","52","2022","124","CAN","Canada","M","Import","0","W00","World","0","W00","World","H6","HS","true","6309","Textiles; worn clothing and other worn articles","4","false","C00","TOTAL CPC","0","0","TOTAL MOT","8","kg","100269447","false","8","kg","100269447","false","100269447","false","0","false",,"58252380.277","58252380.277","0","false","true",
"C","A","20220101","2022","52","2022","132","CPV","Cabo Verde","M","Import","0","W00","World","0","W00","World","H5","HS","true","6309","Textiles; worn clothing and other worn articles","4","false","C00","TOTAL CPC","0","0","TOTAL MOT","8","kg","5023948","false","8","kg","5023948","false","5023948","false","0","false","7569796.997","7429084.905","7569796.997","0","false","true",
"C","A","20220101","2022","52","2022","136","CYM","Cayman Isds","M","Import","0","W00","World","0","W00","World","H5","HS","true","6309","Textiles; worn clothing and other worn articles","4","false","C00","TOTAL CPC","0","0","TOTAL MOT","8","kg","259479.062","true","-1","N/A","0","false","259479.062","true","0","false","316562.903",,"316562.903","6","false","true",
"C","A","20220101","2022","52","2022","140","CAF","Central African Rep.","M","Import","0","W00","World","0","W00","World","H5","HS","true","6309","Textiles; worn clothing and other worn articles","4","false","C00","TOTAL CPC","0","0","TOTAL MOT","8","kg","6761490","false","8","kg","6761490","false","6761490","false","0","false","4859864.072",,"4859864.072","0","false","true",
"C","A","20220101","2022","52","2022","144","LKA","Sri Lanka","M","Import","0","W00","World","0","W00","World","H5","HS","true","6309","Textiles; worn clothing and other worn articles","4","false","C00","TOTAL CPC","0","0","TOTAL MOT","8","kg","709.04","false","8","kg","709.04","false","709.04","false","0","false","1783.533","0","1783.533","0","false","true",
"C","A","20220101","2022","52","2022","152","CHL","Chile","M","Import","0","W00","World","0","W00","World","H6","HS","true","6309","Textiles; worn clothing and other worn articles","4","false","C00","TOTAL CPC","0","0","TOTAL MOT","-1","N/A","0","false","-1","N/A","0","false",,"false","0","false","204409794.06","183117923.831","204409794.06","0","false","true",
"C","A","20220101","2022","52","2022","174","COM","Comoros","M","Import","0","W00","World","0","W00","World","H6","HS","true","6309","Textiles; worn clothing and other worn articles","4","false","C00","TOTAL CPC","0","0","TOTAL MOT","8","kg","936392","false","8","kg","936392","false","936392","false","0","false","917713.256",,"917713.256","0","false","true",
"C","A","20220101","2022","52","2022","178","COG","Congo","M","Import","0","W00","World","0","W00","World","H5","HS","true","6309","Textiles; worn clothing and other worn articles","4","false","C00","TOTAL CPC","0","0","TOTAL MOT","8","kg","25996899.4","false","8","kg","25996899.4","false","25996899.4","false","0","false","10470324.53",,"10470324.53","0","false","true",
"C","A","20220101","2022","52","2022","180","COD","Dem. Rep. of the Congo","M","Import","0","W00","World","0","W00","World","H4","HS","true","6309","Textiles; worn clothing and other worn articles","4","false","C00","TOTAL CPC","0","0","TOTAL MOT","8","kg","125228957","false","8","kg","125228957","false","125228957","false","0","false","113941492.547",,"113941492.547","0","false","true",
"C","A","20220101","2022","52","2022","188","CRI","Costa Rica","M","Import","0","W00","World","0","W00","World","H6","HS","true","6309","Textiles; worn clothing and other worn articles","4","false","C00","TOTAL CPC","0","0","TOTAL MOT","8","kg","11210245.706","false","8","kg","11210245.706","false","11210245.706","false","0","false","7024856.57",,"7024856.57","0","false","true",
"C","A","20220101","2022","52","2022","191","HRV","Croatia","M","Import","0","W00","World","0","W00","World","H6","HS","true","6309","Textiles; worn clothing and other worn articles","4","false","C00","TOTAL CPC","0","0","TOTAL MOT","8","kg","1160870.294","false","8","kg","1160870.294","false","1160870.294","false","0","false","2608388",,"2608388","0","false","true",
"C","A","20220101","2022","52","2022","192","CUB","Cuba","M","Import","0","W00","World","0","W00","World","H6","HS","true","6309","Textiles; worn clothing and other worn articles","4","false","C00","TOTAL CPC","0","0","TOTAL MOT","8","kg","1531743.839","false","8","kg","1531743.839","false","1531743.839","false","0","false","2754354.57",,"2754354.57","0","false","true",
"C","A","20220101","2022","52","2022","196","CYP","Cyprus","M","Import","0","W00","World","0","W00","World","H6","HS","true","6309","Textiles; worn clothing and other worn articles","4","false","C00","TOTAL CPC","0","0","TOTAL MOT","8","kg","50532","false","8","kg","50532","false","50532","false","0","false","260501.064",,"260501.064","0","false","true",
"C","A","20220101","2022","52","2022","203","CZE","Czechia","M","Import","0","W00","World","0","W00","World","H6","HS","true","6309","Textiles; worn clothing and other worn articles","4","false","C00","TOTAL CPC","0","0","TOTAL MOT","-1","N/A","0","false","-1","N/A","0","false",,"false","0","false","18544960","18327207","18544960","0","false","true",
"C","A","20220101","2022","52","2022","204","BEN","Benin","M","Import","0","W00","World","0","W00","World","H6","HS","true","6309","Textiles; worn clothing and other worn articles","4","false","C00","TOTAL CPC","0","0","TOTAL MOT","8","kg","112311692.162","true","-1","N/A","0","false","112311692.162","true","0","false","42331616.968",,"42331616.968","6","false","true",
"C","A","20220101","2022","52","2022","208","DNK","Denmark","M","Import","0","W00","World","0","W00","World","H6","HS","true","6309","Textiles; worn clothing and other worn articles","4","false","C00","TOTAL CPC","0","0","TOTAL MOT","8","kg","270333","false","8","kg","270333","false","270333","false","0","false","3017272.889",,"3017272.889","0","false","true",
"C","A","20220101","2022","52","2022","212","DMA","Dominica","M","Import","0","W00","World","0","W00","World","H5","HS","true","6309","Textiles; worn clothing and other worn articles","4","false","C00","TOTAL CPC","0","0","TOTAL MOT","8","kg","393057","false","8","kg","393057","false","393057","false","0","false","750369.25",,"750369.25","0","false","true",
"C","A","20220101","2022","52","2022","214","DOM","Dominican Rep.","M","Import","0","W00","World","0","W00","World","H5","HS","true","6309","Textiles; worn clothing and other worn articles","4","false","C00","TOTAL CPC","0","0","TOTAL MOT","8","kg","368652.748","true","-1","N/A","0","false",,"false","0","false","1102256.672","679264.292","1102256.672","2","false","true",
"C","A","20220101","2022","52","2022","222","SLV","El Salvador","M","Import","0","W00","World","0","W00","World","H6","HS","true","6309","Textiles; worn clothing and other worn articles","4","false","C00","TOTAL CPC","0","0","TOTAL MOT","8","kg","34798084.55","false","8","kg","34798084.55","false","34798084.55","false","0","false","70726231.69","0","70726231.69","0","false","true",
"C","A","20220101","2022","52","2022","233","EST","Estonia","M","Import","0","W00","World","0","W00","World","H6","HS","true","6309","Textiles; worn clothing and other worn articles","4","false","C00","TOTAL CPC","0","0","TOTAL MOT","-1","N/A","0","false","-1","N/A","0","false",,"false","0","false","6157099.72",,"6157099.72","0","false","true",
"C","A","20220101","2022","52","2022","242","FJI","Fiji","M","Import","0","W00","World","0","W00","World","H6","HS","true","6309","Textiles; worn clothing and other worn articles","4","false","C00","TOTAL CPC","0","0","TOTAL MOT","8","kg","2295809.89","false","8","kg","2295809.89","false","2295809.89","false","0","false","5272413.531",,"5272413.531","0","false","true",
"C","A","20220101","2022","52","2022","246","FIN","Finland","M","Import","0","W00","World","0","W00","World","H6","HS","true","6309","Textiles; worn clothing and other worn articles","4","false","C00","TOTAL CPC","0","0","TOTAL MOT","8","kg","524930.014","true","-1","N/A","0","false","524930.014","true","0","false","1234006.613",,"1234006.613","6","false","true",
"C","A","20220101","2022","52","2022","251","FRA","France","M","Import","0","W00","World","0","W00","World","H6","HS","true","6309","Textiles; worn clothing and other worn articles","4","false","C00","TOTAL CPC","0","0","TOTAL MOT","-1","N/A","0","false","-1","N/A","0","false",,"false","0","false","27047010.93",,"27047010.93","0","false","true",
"C","A","20220101","2022","52","2022","258","PYF","French Polynesia","M","Import","0","W00","World","0","W00","World","H5","HS","true","6309","Textiles; worn clothing and other worn articles","4","false","C00","TOTAL CPC","0","0","TOTAL MOT","8","kg","432.769","false","8","kg","432.769","false","432.769","false","0","false","5016.426",,"5016.426","0","false","true",
"C","A","20220101","2022","52","2022","262","DJI","Djibouti","M","Import","0","W00","World","0","W00","World","H3","HS","true","6309","Textiles; worn clothing and other worn articles","4","false","C00","TOTAL CPC","0","0","TOTAL MOT","8","kg","9035426.91","false","8","kg","9035426.91","false","9035426.91","false","0","false","6922019.343",,"6922019.343","0","false","true",
"C","A","20220101","2022","52","2022","266","GAB","Gabon","M","Import","0","W00","World","0","W00","World","H5","HS","true","6309","Textiles; worn clothing and other worn articles","4","false","C00","TOTAL CPC","0","0","TOTAL MOT","8","kg","7255465","false","8","kg","7255465","false","7255465","false","0","false","7484235.308",,"7484235.308","0","false","true",
"C","A","20220101","2022","52","2022","268","GEO","Georgia","M","Import","0","W00","World","0","W00","World","H5","HS","true","6309","Textiles; worn clothing and other worn articles","4","false","C00","TOTAL CPC","0","0","TOTAL MOT","8","kg","10882202.72","false","8","kg","10882202.72","false","10882202.72","false","0","false","34513758.671",,"34513758.671","0","false","true",
"C","A","20220101","2022","52","2022","270","GMB","Gambia","M","Import","0","W00","World","0","W00","World","H6","HS","true","6309","Textiles; worn clothing and other worn articles","4","false","C00","TOTAL CPC","0","0","TOTAL MOT","8","kg","8706905","false","8","kg","8706905","false","8706905","false","0","false","1321990.346",,"1321990.346","0","false","true",
"C","A","20220101","2022","52","2022","275","PSE","State of Palestine","M","Import","0","W00","World","0","W00","World","H3","HS","true","6309","Textiles; worn clothing and other worn articles","4","false","C00","TOTAL CPC","0","0","TOTAL MOT","8","kg","214466.002","true","-1","N/A","0","false","214466.002","true","0","false","261647.239",,"261647.239","6","false","true",
"C","A","20220101","2022","52","2022","276","DEU","Germany","M","Import","0","W00","World","0","W00","World","H6","HS","true","6309","Textiles; worn clothing and other worn articles","4","false","C00","TOTAL CPC","0","0","TOTAL MOT","8","kg","64799603.917","true","-1","N/A","0","false","64799603.917","true","0","false","60890561.479",,"60890561.479","6","false","true",
"C","A","20220101","2022","52","2022","288","GHA","Ghana","M","Import","0","W00","World","0","W00","World","H5","HS","true","6309","Textiles; worn clothing and other worn articles","4","false","C00","TOTAL CPC","0","0","TOTAL MOT","-1","N/A","0","false","-1","N/A","0","false","111329151.919","true","0","false","91439353.764",,"91439353.764","4","false","true",
"C","A","20220101","2022","52","2022","300","GRC","Greece","M","Import","0","W00","World","0","W00","World","H6","HS","true","6309","Textiles; worn clothing and other worn articles","4","false","C00","TOTAL CPC","0","0","TOTAL MOT","8","kg","3721950.396","true","-1","N/A","0","false","3721950.396","true","0","false","10997703.969",,"10997703.969","6","false","true",
"C","A","20220101","2022","52","2022","308","GRD","Grenada","M","Import","0","W00","World","0","W00","World","H4","HS","true","6309","Textiles; worn clothing and other worn articles","4","false","C00","TOTAL CPC","0","0","TOTAL MOT","8","kg","27066","false","8","kg","27066","false","27066","false","0","false","408886.296","0","408886.296","0","false","true",
"C","A","20220101","2022","52","2022","320","GTM","Guatemala","M","Import","0","W00","World","0","W00","World","H6","HS","true","6309","Textiles; worn clothing and other worn articles","4","false","C00","TOTAL CPC","0","0","TOTAL MOT","8","kg","137186277.624","true","-1","N/A","0","false","137186277.624","true","0","false","209095368",,"209095368","6","false","true",
"C","A","20220101","2022","52","2022","328","GUY","Guyana","M","Import","0","W00","World","0","W00","World","H5","HS","true","6309","Textiles; worn clothing and other worn articles","4","false","C00","TOTAL CPC","0","0","TOTAL MOT","8","kg","1534349.697","true","-1","N/A","0","false","1534349.697","true","0","false","2337456.207","2095424.553","2337456.207","6","false","true",
"C","A","20220101","2022","52","2022","344","HKG","China, Hong Kong SAR","M","Import","0","W00","World","0","W00","World","H6","HS","true","6309","Textiles; worn clothing and other worn articles","4","false","C00","TOTAL CPC","0","0","TOTAL MOT","8","kg","29846789","false","8","kg","29846789","false","29846789","false","0","false","8274475.324",,"8274475.324","0","false","true",
"C","A","20220101","2022","52","2022","348","HUN","Hungary","M","Import","0","W00","World","0","W00","World","H6","HS","true","6309","Textiles; worn clothing and other worn articles","4","false","C00","TOTAL CPC","0","0","TOTAL MOT","8","kg","97647295.623","true","-1","N/A","0","false","97647269.631","true","0","false","67932906",,"67932906","6","false","true",
"C","A","20220101","2022","52","2022","352","ISL","Iceland","M","Import","0","W00","World","0","W00","World","H6","HS","true","6309","Textiles; worn clothing and other worn articles","4","false","C00","TOTAL CPC","0","0","TOTAL MOT","8","kg","37923","false","8","kg","37923","false","37923","false","0","false","599311.201","539898.016","599311.201","0","false","true",
"C","A","20220101","2022","52","2022","360","IDN","Indonesia","M","Import","0","W00","World","0","W00","World","H6","HS","true","6309","Textiles; worn clothing and other worn articles","4","false","C00","TOTAL CPC","0","0","TOTAL MOT","8","kg","26224","false","8","kg","26224","false","26224","false","0","false","272146",,"272146","0","false","true",
"C","A","20220101","2022","52","2022","364","IRN","Iran","M","Import","0","W00","World","0","W00","World","H6","HS","true","6309","Textiles; worn clothing and other worn articles","4","false","C00","TOTAL CPC","0","0","TOTAL MOT","8","kg","15","false","8","kg","15","false","15","false","0","false","300",,"300","0","false","true",
"C","A","20220101","2022","52","2022","368","IRQ","Iraq","M","Import","0","W00","World","0","W00","World","H2","HS","true","6309","Textiles; worn clothing and other worn articles","4","false","C00","TOTAL CPC","0","0","TOTAL MOT","8","kg","473834.291","true","-1","N/A","0","false","710774","false","0","false","578075",,"578075","2","false","true",
"C","A","20220101","2022","52","2022","372","IRL","Ireland","M","Import","0","W00","World","0","W00","World","H6","HS","true","6309","Textiles; worn clothing and other worn articles","4","false","C00","TOTAL CPC","0","0","TOTAL MOT","-1","N/A","0","false","-1","N/A","0","false",,"false","0","false","2426153.489",,"2426153.489","0","false","true",
"C","A","20220101","2022","52","2022","376","ISR","Israel","M","Import","0","W00","World","0","W00","World","H6","HS","true","6309","Textiles; worn clothing and other worn articles","4","false","C00","TOTAL CPC","0","0","TOTAL MOT","8","kg","1841812.311","true","-1","N/A","0","false","1841812.311","true","0","false","2247000",,"2247000","6","false","true",
"C","A","20220101","2022","52","2022","380","ITA","Italy","M","Import","0","W00","World","0","W00","World","H6","HS","true","6309","Textiles; worn clothing and other worn articles","4","false","C00","TOTAL CPC","0","0","TOTAL MOT","8","kg","63829922","false","8","kg","63829922","false","63829922","false","0","false","60976988.371",,"60976988.371","0","false","true",
"C","A","20220101","2022","52","2022","384","CIV","Côte d'Ivoire","M","Import","0","W00","World","0","W00","World","H5","HS","true","6309","Textiles; worn clothing and other worn articles","4","false","C00","TOTAL CPC","0","0","TOTAL MOT","8","kg","23973891","false","8","kg","23973891","false","23973891","false","0","false","29031712.848",,"29031712.848","0","false","true",
"C","A","20220101","2022","52","2022","388","JAM","Jamaica","M","Import","0","W00","World","0","W00","World","H6","HS","true","6309","Textiles; worn clothing and other worn articles","4","false","C00","TOTAL CPC","0","0","TOTAL MOT","8","kg","2929045.13","false","8","kg","2929045.13","false","2929045.13","false","0","false","3068822.87",,"3068822.87","0","false","true",
"C","A","20220101","2022","52","2022","392","JPN","Japan","M","Import","0","W00","World","0","W00","World","H6","HS","true","6309","Textiles; worn clothing and other worn articles","4","false","C00","TOTAL CPC","0","0","TOTAL MOT","8","kg","10462582","false","8","kg","10462582","false","10462582","false","0","false","87402890.595","0","87402890.595","0","false","true",
"C","A","20220101","2022","52","2022","398","KAZ","Kazakhstan","M","Import","0","W00","World","0","W00","World","H6","HS","true","6309","Textiles; worn clothing and other worn articles","4","false","C00","TOTAL CPC","0","0","TOTAL MOT","8","kg","1778633.87","false","8","kg","1778633.87","false","1778633.87","false","0","false","3904457.38",,"3904457.38","0","false","true",
"C","A","20220101","2022","52","2022","400","JOR","Jordan","M","Import","0","W00","World","0","W00","World","H6","HS","true","6309","Textiles; worn clothing and other worn articles","4","false","C00","TOTAL CPC","0","0","TOTAL MOT","8","kg","25287937.756","true","-1","N/A","0","false","25287937.756","true","0","false","30851132.767",,"30851132.767","6","false","true",
"C","A","20220101","2022","52","2022","404","KEN","Kenya","M","Import","0","W00","World","0","W00","World","H6","HS","true","6309","Textiles; worn clothing and other worn articles","4","false","C00","TOTAL CPC","0","0","TOTAL MOT","8","kg","177363611.108","true","-1","N/A","0","false","177363611.108","true","0","false","169327924.922",,"169327924.922","6","false","true",
"C","A","20220101","2022","52","2022","410","KOR","Rep. of Korea","M","Import","0","W00","World","0","W00","World","H6","HS","true","6309","Textiles; worn clothing and other worn articles","4","false","C00","TOTAL CPC","0","0","TOTAL MOT","8","kg","47028772.619","false","8","kg","47028772.619","false","47028772.619","false","0","false","26685268",,"26685268","0","false","true",
"C","A","20220101","2022","52","2022","414","KWT","Kuwait","M","Import","0","W00","World","0","W00","World","H6","HS","true","6309","Textiles; worn clothing and other worn articles","4","false","C00","TOTAL CPC","0","0","TOTAL MOT","8","kg","567045.454","true","-1","N/A","0","false","567045.454","true","0","false","691792.062",,"691792.062","6","false","true",
"C","A","20220101","2022","52","2022","417","KGZ","Kyrgyzstan","M","Import","0","W00","World","0","W00","World","H6","HS","true","6309","Textiles; worn clothing and other worn articles","4","false","C00","TOTAL CPC","0","0","TOTAL MOT","8","kg","6340415","false","8","kg","6340415","false","6340415","false","0","false","2460366",,"2460366","0","false","true",
"C","A","20220101","2022","52","2022","418","LAO","Lao People's Dem. Rep.","M","Import","0","W00","World","0","W00","World","H6","HS","true","6309","Textiles; worn clothing and other worn articles","4","false","C00","TOTAL CPC","0","0","TOTAL MOT","8","kg","47035.863","false","8","kg","47035.863","false","47035.863","false","0","false","123941.35",,"123941.35","0","false","true",
"C","A","20220101","2022","52","2022","422","LBN","Lebanon","M","Import","0","W00","World","0","W00","World","H5","HS","true","6309","Textiles; worn clothing and other worn articles","4","false","C00","TOTAL CPC","0","0","TOTAL MOT","8","kg","22279676","false","8","kg","22279676","false","22279676","false","0","false","25719923",,"25719923","0","false","true",
"C","A","20220101","2022","52","2022","426","LSO","Lesotho","M","Import","0","W00","World","0","W00","World","H5","HS","true","6309","Textiles; worn clothing and other worn articles","4","false","C00","TOTAL CPC","0","0","TOTAL MOT","8","kg","1789068","false","8","kg","1789068","false","1789068","false","0","false","1474020.86",,"1474020.86","0","false","true",
"C","A","20220101","2022","52","2022","428","LVA","Latvia","M","Import","0","W00","World","0","W00","World","H6","HS","true","6309","Textiles; worn clothing and other worn articles","4","false","C00","TOTAL CPC","0","0","TOTAL MOT","8","kg","15510424.911","true","-1","N/A","0","false","15510424.911","true","0","false","27303055.251",,"27303055.251","6","false","true",
"C","A","20220101","2022","52","2022","430","LBR","Liberia","M","Import","0","W00","World","0","W00","World","H5","HS","true","6309","Textiles; worn clothing and other worn articles","4","false","C00","TOTAL CPC","0","0","TOTAL MOT","8","kg","17202989.29","false","8","kg","17202989.29","false","17202989.29","false","0","false","21263653.93",,"21263653.93","0","false","true",
"C","A","20220101","2022","52","2022","440","LTU","Lithuania","M","Import","0","W00","World","0","W00","World","H6","HS","true","6309","Textiles; worn clothing and other worn articles","4","false","C00","TOTAL CPC","0","0","TOTAL MOT","8","kg","52181127.875","false","8","kg","52181127.875","false","52181127.875","false","0","false","64895219",,"64895219","0","false","true",
"C","A","20220101","2022","52","2022","442","LUX","Luxembourg","M","Import","0","W00","World","0","W00","World","H6","HS","true","6309","Textiles; worn clothing and other worn articles","4","false","C00","TOTAL CPC","0","0","TOTAL MOT","8","kg","24148.7","false","8","kg","24148.7","false","24148.7","false","0","false","324350.593","321037.751","324350.593","0","false","true",
"C","A","20220101","2022","52","2022","446","MAC","China, Macao SAR","M","Import","0","W00","World","0","W00","World","H6","HS","true","6309","Textiles; worn clothing and other worn articles","4","false","C00","TOTAL CPC","0","0","TOTAL MOT","8","kg","76350","false","8","kg","76350","false","76350","false","0","false","540952.814",,"540952.814","0","false","true",
"C","A","20220101","2022","52","2022","450","MDG","Madagascar","M","Import","0","W00","World","0","W00","World","H6","HS","true","6309","Textiles; worn clothing and other worn articles","4","false","C00","TOTAL CPC","0","0","TOTAL MOT","-1","N/A","0","false","8","kg","50700740.89","false","50013048.29","false","0","false","69241836.55","55633053.115","69241836.55","0","false","true",
"C","A","20220101","2022","52","2022","454","MWI","Malawi","M","Import","0","W00","World","0","W00","World","H5","HS","true","6309","Textiles; worn clothing and other worn articles","4","false","C00","TOTAL CPC","0","0","TOTAL MOT","8","kg","25169615.434","true","-1","N/A","0","false","25169615.434","true","0","false","35227083.479",,"35227083.479","6","false","true",
"C","A","20220101","2022","52","2022","458","MYS","Malaysia","M","Import","0","W00","World","0","W00","World","H6","HS","true","6309","Textiles; worn clothing and other worn articles","4","false","C00","TOTAL CPC","0","0","TOTAL MOT","8","kg","193222756.2","false","8","kg","193222756.2","false","193222756.2","false","0","false","102587089.292",,"102587089.292","0","false","true",
"C","A","20220101","2022","52","2022","462","MDV","Maldives","M","Import","0","W00","World","0","W00","World","H6","HS","true","6309","Textiles; worn clothing and other worn articles","4","false","C00","TOTAL CPC","0","0","TOTAL MOT","8","kg","467.756","true","-1","N/A","0","false","467.756","true","0","false","570.659",,"570.659","6","false","true",
"C","A","20220101","2022","52","2022","466","MLI","Mali","M","Import","0","W00","World","0","W00","World","H5","HS","true","6309","Textiles; worn clothing and other worn articles","4","false","C00","TOTAL CPC","0","0","TOTAL MOT","8","kg","33960488","false","8","kg","33960488","false","33960488","false","0","false","16827289.157",,"16827289.157","0","false","true",
"C","A","20220101","2022","52","2022","470","MLT","Malta","M","Import","0","W00","World","0","W00","World","H6","HS","true","6309","Textiles; worn clothing and other worn articles","4","false","C00","TOTAL CPC","0","0","TOTAL MOT","8","kg","7611","false","8","kg","7611","false","7611","false","0","false","142896.593",,"142896.593","0","false","true",
"C","A","20220101","2022","52","2022","478","MRT","Mauritania","M","Import","0","W00","World","0","W00","World","H5","HS","true","6309","Textiles; worn clothing and other worn articles","4","false","C00","TOTAL CPC","0","0","TOTAL MOT","8","kg","2615888","false","8","kg","2615888","false","2615888","false","0","false","1665441.961",,"1665441.961","0","false","true",
"C","A","20220101","2022","52","2022","480","MUS","Mauritius","M","Import","0","W00","World","0","W00","World","H6","HS","true","6309","Textiles; worn clothing and other worn articles","4","false","C00","TOTAL CPC","0","0","TOTAL MOT","8","kg","11660","false","8","kg","11660","false","11229","false","0","false","26119.178","16352.817","26119.178","0","false","true",
"C","A","20220101","2022","52","2022","490","S19","Other Asia, nes","M","Import","0","W00","World","0","W00","World","H5","HS","true","6309","Textiles; worn clothing and other worn articles","4","false","C00","TOTAL CPC","0","0","TOTAL MOT","8","kg","490105.117","true","-1","N/A","0","false","490105.117","true","0","false","903875.12",,"903875.12","6","false","true",
"C","A","20220101","2022","52","2022","496","MNG","Mongolia","M","Import","0","W00","World","0","W00","World","H6","HS","true","6309","Textiles; worn clothing and other worn articles","4","false","C00","TOTAL CPC","0","0","TOTAL MOT","8","kg","3455214.985","false","8","kg","3455214.985","false","3455214.985","false","0","false","4494529.128",,"4494529.128","0","false","true",
"C","A","20220101","2022","52","2022","498","MDA","Rep. of Moldova","M","Import","0","W00","World","0","W00","World","H5","HS","true","6309","Textiles; worn clothing and other worn articles","4","false","C00","TOTAL CPC","0","0","TOTAL MOT","8","kg","3864314","false","8","kg","3864314","false","3864314","false","0","false","6345678",,"6345678","0","false","true",
"C","A","20220101","2022","52","2022","499","MNE","Montenegro","M","Import","0","W00","World","0","W00","World","H6","HS","true","6309","Textiles; worn clothing and other worn articles","4","false","C00","TOTAL CPC","0","0","TOTAL MOT","8","kg","331387.34","false","8","kg","331387.34","false","331387.34","false","0","false","798007.741",,"798007.741","0","false","true",
"C","A","20220101","2022","52","2022","500","MSR","Montserrat","M","Import","0","W00","World","0","W00","World","H5","HS","true","6309","Textiles; worn clothing and other worn articles","4","false","C00","TOTAL CPC","0","0","TOTAL MOT","8","kg","2326.37","false","8","kg","2326.37","false","2326.37","false","0","false","4192.174",,"4192.174","0","false","true",
"C","A","20220101","2022","52","2022","504","MAR","Morocco","M","Import","0","W00","World","0","W00","World","H6","HS","true","6309","Textiles; worn clothing and other worn articles","4","false","C00","TOTAL CPC","0","0","TOTAL MOT","-1","N/A","0","false","-1","N/A","0","false",,"false","0","false","36945021.23",,"36945021.23","0","false","true",
"C","A","20220101","2022","52","2022","508","MOZ","Mozambique","M","Import","0","W00","World","0","W00","World","H5","HS","true","6309","Textiles; worn clothing and other worn articles","4","false","C00","TOTAL CPC","0","0","TOTAL MOT","-1","N/A","0","false","-1","N/A","0","false",,"false","0","false","25553385.786","18348172.351","25553385.786","0","false","true",
"C","A","20220101","2022","52","2022","512","OMN","Oman","M","Import","0","W00","World","0","W00","World","H6","HS","true","6309","Textiles; worn clothing and other worn articles","4","false","C00","TOTAL CPC","0","0","TOTAL MOT","8","kg","13457229","false","8","kg","13457229","false","13457229","false","0","false","8153955.774",,"8153955.774","0","false","true",
"C","A","20220101","2022","52","2022","516","NAM","Namibia","M","Import","0","W00","World","0","W00","World","H6","HS","true","6309","Textiles; worn clothing and other worn articles","4","false","C00","TOTAL CPC","0","0","TOTAL MOT","8","kg","423185.618","true","-1","N/A","0","false","423185.618","true","0","false","383856.577",,"383856.577","6","false","true",
"C","A","20220101","2022","52","2022","524","NPL","Nepal","M","Import","0","W00","World","0","W00","World","H6","HS","true","6309","Textiles; worn clothing and other worn articles","4","false","C00","TOTAL CPC","0","0","TOTAL MOT","8","kg","152272.022","true","-1","N/A","0","false","152272.022","true","0","false","110910.604",,"110910.604","6","false","true",
"C","A","20220101","2022","52","2022","528","NLD","Netherlands","M","Import","0","W00","World","0","W00","World","H6","HS","true","6309","Textiles; worn clothing and other worn articles","4","false","C00","TOTAL CPC","0","0","TOTAL MOT","8","kg","63672676","false","8","kg","63672676","false","63672676","false","0","false","64592818.284",,"64592818.284","0","false","true",
"C","A","20220101","2022","52","2022","533","ABW","Aruba","M","Import","0","W00","World","0","W00","World","H4","HS","true","6309","Textiles; worn clothing and other worn articles","4","false","C00","TOTAL CPC","0","0","TOTAL MOT","8","kg","1526.37","false","8","kg","1526.37","false","1526.37","false","0","false","8109.497",,"8109.497","0","false","true",
"C","A","20220101","2022","52","2022","554","NZL","New Zealand","M","Import","0","W00","World","0","W00","World","H6","HS","true","6309","Textiles; worn clothing and other worn articles","4","false","C00","TOTAL CPC","0","0","TOTAL MOT","8","kg","38088.373","true","-1","N/A","0","false","38088.373","true","41189","false","649174.997","577075.58","649174.997","6","false","true",
"C","A","20220101","2022","52","2022","558","NIC","Nicaragua","M","Import","0","W00","World","0","W00","World","H6","HS","true","6309","Textiles; worn clothing and other worn articles","4","false","C00","TOTAL CPC","0","0","TOTAL MOT","8","kg","52239194.3","false","8","kg","52239194.3","false","52239194.3","false","0","false","99148427.79",,"99148427.79","0","false","true",
"C","A","20220101","2022","52","2022","562","NER","Niger","M","Import","0","W00","World","0","W00","World","H6","HS","true","6309","Textiles; worn clothing and other worn articles","4","false","C00","TOTAL CPC","0","0","TOTAL MOT","8","kg","16616977","false","8","kg","16616977","false","16616977","false","0","false","18016481.365",,"18016481.365","0","false","true",
"C","A","20220101","2022","52","2022","566","NGA","Nigeria","M","Import","0","W00","World","0","W00","World","H6","HS","true","6309","Textiles; worn clothing and other worn articles","4","false","C00","TOTAL CPC","0","0","TOTAL MOT","8","kg","1403100.7","false","8","kg","1403100.7","false","1403100.7","false","0","false","1285162.72",,"1285162.72","0","false","true",
"C","A","20220101","2022","52","2022","579","NOR","Norway","M","Import","0","W00","World","0","W00","World","H6","HS","true","6309","Textiles; worn clothing and other worn articles","4","false","C00","TOTAL CPC","0","0","TOTAL MOT","8","kg","259370","false","8","kg","259370","false","259370","false","0","false","2085222.135",,"2085222.135","0","false","true",
"C","A","20220101","2022","52","2022","586","PAK","Pakistan","M","Import","0","W00","World","0","W00","World","H6","HS","true","6309","Textiles; worn clothing and other worn articles","4","false","C00","TOTAL CPC","0","0","TOTAL MOT","8","kg","806647965","false","8","kg","806647965","false","806647965","false","0","false","417274003.616",,"417274003.616","0","false","true",
"C","A","20220101","2022","52","2022","591","PAN","Panama","M","Import","0","W00","World","0","W00","World","H6","HS","true","6309","Textiles; worn clothing and other worn articles","4","false","C00","TOTAL CPC","0","0","TOTAL MOT","8","kg","4372014","false","8","kg","4372014","false","4372014","false","4372014","false","6900855",,"6900855","0","false","true",
"C","A","20220101","2022","52","2022","598","PNG","Papua New Guinea","M","Import","0","W00","World","0","W00","World","H5","HS","true","6309","Textiles; worn clothing and other worn articles","4","false","C00","TOTAL CPC","0","0","TOTAL MOT","8","kg","18121006.207","true","-1","N/A","0","false","18121006.207","true","0","false","22107519.157",,"22107519.157","6","false","true",
"C","A","20220101","2022","52","2022","600","PRY","Paraguay","M","Import","0","W00","World","0","W00","World","H6","HS","true","6309","Textiles; worn clothing and other worn articles","4","false","C00","TOTAL CPC","0","0","TOTAL MOT","8","kg","59464.698","true","-1","N/A","0","false","59464.698","true","0","false","567315.76","290962.21","567315.76","6","false","true",
"C","A","20220101","2022","52","2022","604","PER","Peru","M","Import","0","W00","World","0","W00","World","H6","HS","true","6309","Textiles; worn clothing and other worn articles","4","false","C00","TOTAL CPC","0","0","TOTAL MOT","8","kg","22166.808","false","8","kg","22166.808","false","22166.808","false","0","false","106648.017",,"106648.017","0","false","true",
"C","A","20220101","2022","52","2022","608","PHL","Philippines","M","Import","0","W00","World","0","W00","World","H5","HS","true","6309","Textiles; worn clothing and other worn articles","4","false","C00","TOTAL CPC","0","0","TOTAL MOT","8","kg","86783918.388","true","-1","N/A","0","false","86783918.388","true","88297934.47","false","22650576","20733493","22650576","6","false","true",
"C","A","20220101","2022","52","2022","616","POL","Poland","M","Import","0","W00","World","0","W00","World","H6","HS","true","6309","Textiles; worn clothing and other worn articles","4","false","C00","TOTAL CPC","0","0","TOTAL MOT","8","kg","69987444","false","8","kg","69987444","false","69987444","false","0","false","93516026",,"93516026","0","false","true",
"C","A","20220101","2022","52","2022","620","PRT","Portugal","M","Import","0","W00","World","0","W00","World","H6","HS","true","6309","Textiles; worn clothing and other worn articles","4","false","C00","TOTAL CPC","0","0","TOTAL MOT","8","kg","11998187.467","true","-1","N/A","0","false","11998187.467","true","0","false","7432675.056",,"7432675.056","6","false","true",
"C","A","20220101","2022","52","2022","626","TLS","Timor-Leste","M","Import","0","W00","World","0","W00","World","H5","HS","true","6309","Textiles; worn clothing and other worn articles","4","false","C00","TOTAL CPC","0","0","TOTAL MOT","8","kg","6691726.085","false","8","kg","6691726.085","false","6691726.085","false","0","false","8256886.59",,"8256886.59","0","false","true",
"C","A","20220101","2022","52","2022","634","QAT","Qatar","M","Import","0","W00","World","0","W00","World","H6","HS","true","6309","Textiles; worn clothing and other worn articles","4","false","C00","TOTAL CPC","0","0","TOTAL MOT","8","kg","179975.14","false","5","u","45301","false","179975.14","false","0","false","6992588.579",,"6992588.579","0","false","true",
"C","A","20220101","2022","52","2022","642","ROU","Romania","M","Import","0","W00","World","0","W00","World","H6","HS","true","6309","Textiles; worn clothing and other worn articles","4","false","C00","TOTAL CPC","0","0","TOTAL MOT","8","kg","61899323.53","false","8","kg","61899323.53","false","61899323.53","false","0","false","50915172.91",,"50915172.91","0","false","true",
"C","A","20220101","2022","52","2022","646","RWA","Rwanda","M","Import","0","W00","World","0","W00","World","H4","HS","true","6309","Textiles; worn clothing and other worn articles","4","false","C00","TOTAL CPC","0","0","TOTAL MOT","8","kg","35437882.7","false","8","kg","35437882.7","false","35437882.7","false","0","false","33551831.34","0","33551831.34","0","false","true",
"C","A","20220101","2022","52","2022","670","VCT","Saint Vincent and the Grenadines","M","Import","0","W00","World","0","W00","World","H3","HS","true","6309","Textiles; worn clothing and other worn articles","4","false","C00","TOTAL CPC","0","0","TOTAL MOT","8","kg","1374.77","false","8","kg","1374.77","false","1374.77","false","0","false","5696.657",,"5696.657","0","false","true",
"C","A","20220101","2022","52","2022","678","STP","Sao Tome and Principe","M","Import","0","W00","World","0","W00","World","H3","HS","true","6309","Textiles; worn clothing and other worn articles","4","false","C00","TOTAL CPC","0","0","TOTAL MOT","8","kg","2098836.159","true","-1","N/A","0","false","2098836.159","true","2103085.34","false","2303798.594","1864601.851","2303798.594","6","false","true",
"C","A","20220101","2022","52","2022","686","SEN","Senegal","M","Import","0","W00","World","0","W00","World","H6","HS","true","6309","Textiles; worn clothing and other worn articles","4","false","C00","TOTAL CPC","0","0","TOTAL MOT","8","kg","29634519","false","8","kg","29634519","false","29634519","false","0","false","14691016.085",,"14691016.085","0","false","true",
"C","A","20220101","2022","52","2022","688","SRB","Serbia","M","Import","0","W00","World","0","W00","World","H6","HS","true","6309","Textiles; worn clothing and other worn articles","4","false","C00","TOTAL CPC","0","0","TOTAL MOT","8","kg","5522124","false","8","kg","5522124","false","5522124","false","0","false","5780789","5264355","5780789","0","false","true",
"C","A","20220101","2022","52","2022","690","SYC","Seychelles","M","Import","0","W00","World","0","W00","World","H5","HS","true","6309","Textiles; worn clothing and other worn articles","4","false","C00","TOTAL CPC","0","0","TOTAL MOT","8","kg","233.575","false","8","kg","233.575","false","228.815","false","0","false","872.236",,"872.236","0","false","true",
"C","A","20220101","2022","52","2022","699","IND","India","M","Import","0","W00","World","0","W00","World","H6","HS","true","6309","Textiles; worn clothing and other worn articles","4","false","C00","TOTAL CPC","0","0","TOTAL MOT","8","kg","186543249","false","8","kg","186543249","false","186543249","false","0","false","109902662.73",,"109902662.73","0","false","true",
"C","A","20220101","2022","52","2022","702","SGP","Singapore","M","Import","0","W00","World","0","W00","World","H6","HS","true","6309","Textiles; worn clothing and other worn articles","4","false","C00","TOTAL CPC","0","0","TOTAL MOT","-1","N/A","0","false","-1","N/A","0","false",,"false","0","false","7607456.708",,"7607456.708","0","false","true",
"C","A","20220101","2022","52","2022","703","SVK","Slovakia","M","Import","0","W00","World","0","W00","World","H6","HS","true","6309","Textiles; worn clothing and other worn articles","4","false","C00","TOTAL CPC","0","0","TOTAL MOT","8","kg","38205607","false","8","kg","38205607","false","38205607","false","0","false","39726766.083","39527519.805","39726766.083","0","false","true",
"C","A","20220101","2022","52","2022","704","VNM","Viet Nam","M","Import","0","W00","World","0","W00","World","H6","HS","true","6309","Textiles; worn clothing and other worn articles","4","false","C00","TOTAL CPC","0","0","TOTAL MOT","8","kg","743212.118","true","-1","N/A","0","false","743212.118","true","0","false","906714.337",,"906714.337","6","false","true",
"C","A","20220101","2022","52","2022","705","SVN","Slovenia","M","Import","0","W00","World","0","W00","World","H6","HS","true","6309","Textiles; worn clothing and other worn articles","4","false","C00","TOTAL CPC","0","0","TOTAL MOT","8","kg","260385.675","true","-1","N/A","0","false","260385.675","true","0","false","864948.578",,"864948.578","6","false","true",
"C","A","20220101","2022","52","2022","710","ZAF","South Africa","M","Import","0","W00","World","0","W00","World","H6","HS","true","6309","Textiles; worn clothing and other worn articles","4","false","C00","TOTAL CPC","0","0","TOTAL MOT","8","kg","20904928.19","false","8","kg","20904928.19","false","20904928.19","false","0","false",,"7732285.436","7732285.436","0","false","true",
"C","A","20220101","2022","52","2022","716","ZWE","Zimbabwe","M","Import","0","W00","World","0","W00","World","H5","HS","true","6309","Textiles; worn clothing and other worn articles","4","false","C00","TOTAL CPC","0","0","TOTAL MOT","8","kg","45301.05","false","8","kg","45301.05","false","45301.05","false","0","false","131148.55",,"131148.55","0","false","true",
"C","A","20220101","2022","52","2022","724","ESP","Spain","M","Import","0","W00","World","0","W00","World","H6","HS","true","6309","Textiles; worn clothing and other worn articles","4","false","C00","TOTAL CPC","0","0","TOTAL MOT","8","kg","10903745.15","false","8","kg","10903745.15","false","10903745.15","false","0","false","10517848.6",,"10517848.6","0","false","true",
"C","A","20220101","2022","52","2022","740","SUR","Suriname","M","Import","0","W00","World","0","W00","World","H3","HS","true","6309","Textiles; worn clothing and other worn articles","4","false","C00","TOTAL CPC","0","0","TOTAL MOT","8","kg","136183.85","false","5","u","79844","false","136183.85","false","137717.85","false","101037.91",,"101037.91","0","false","true",
"C","A","20220101","2022","52","2022","748","SWZ","Eswatini","M","Import","0","W00","World","0","W00","World","H6","HS","true","6309","Textiles; worn clothing and other worn articles","4","false","C00","TOTAL CPC","0","0","TOTAL MOT","8","kg","673180.78","false","8","kg","673180.78","false","673180.78","false","0","false","520723.03",,"520723.03","0","false","true",
"C","A","20220101","2022","52","2022","752","SWE","Sweden","M","Import","0","W00","World","0","W00","World","H6","HS","true","6309","Textiles; worn clothing and other worn articles","4","false","C00","TOTAL CPC","0","0","TOTAL MOT","8","kg","14333046.212","true","-1","N/A","0","false","14333046.212","true","0","false","14621249.884",,"14621249.884","6","false","true",
"C","A","20220101","2022","52","2022","757","CHE","Switzerland","M","Import","0","W00","World","0","W00","World","H6","HS","true","6309","Textiles; worn clothing and other worn articles","4","false","C00","TOTAL CPC","0","0","TOTAL MOT","8","kg","154871.114","true","-1","N/A","0","false","154871.114","true","0","false","1549283.561",,"1549283.561","6","false","true",
"C","A","20220101","2022","52","2022","762","TJK","Tajikistan","M","Import","0","W00","World","0","W00","World","H4","HS","true","6309","Textiles; worn clothing and other worn articles","4","false","C00","TOTAL CPC","0","0","TOTAL MOT","8","kg","41201978.781","true","-1","N/A","0","false","41201978.781","true","0","false","20869636",,"20869636","6","false","true",
"C","A","20220101","2022","52","2022","764","THA","Thailand","M","Import","0","W00","World","0","W00","World","H6","HS","true","6309","Textiles; worn clothing and other worn articles","4","false","C00","TOTAL CPC","0","0","TOTAL MOT","8","kg","127552091.32","true","-1","N/A","0","false","127552091.32","true","0","false","64915143.543",,"64915143.543","6","false","true",
"C","A","20220101","2022","52","2022","768","TGO","Togo","M","Import","0","W00","World","0","W00","World","H5","HS","true","6309","Textiles; worn clothing and other worn articles","4","false","C00","TOTAL CPC","0","0","TOTAL MOT","-1","N/A","0","false","-1","N/A","0","false",,"false","0","false","31334725.938","20502860.564","31334725.938","0","false","true",
"C","A","20220101","2022","52","2022","776","TON","Tonga","M","Import","0","W00","World","0","W00","World","H5","HS","true","6309","Textiles; worn clothing and other worn articles","4","false","C00","TOTAL CPC","0","0","TOTAL MOT","8","kg","44029","false","8","kg","44029","false","44029","false","0","false","89567.317",,"89567.317","0","false","true",
"C","A","20220101","2022","52","2022","780","TTO","Trinidad and Tobago","M","Import","0","W00","World","0","W00","World","H4","HS","true","6309","Textiles; worn clothing and other worn articles","4","false","C00","TOTAL CPC","0","0","TOTAL MOT","8","kg","78575","false","8","kg","78575","false","78575","false","0","false","619091.557",,"619091.557","0","false","true",
"C","A","20220101","2022","52","2022","784","ARE","United Arab Emirates","M","Import","0","W00","World","0","W00","World","H6","HS","true","6309","Textiles; worn clothing and other worn articles","4","false","C00","TOTAL CPC","0","0","TOTAL MOT","8","kg","359009533.96","false","8","kg","359009533.96","false","359009533.96","false","0","false","176407131.259",,"176407131.259","0","false","true",
"C","A","20220101","2022","52","2022","788","TUN","Tunisia","M","Import","0","W00","World","0","W00","World","H5","HS","true","6309","Textiles; worn clothing and other worn articles","4","false","C00","TOTAL CPC","0","0","TOTAL MOT","8","kg","140772842","false","8","kg","140772842","false","140772842","false","0","false","67278120.22",,"67278120.22","0","false","true",
"C","A","20220101","2022","52","2022","792","TUR","Türkiye","M","Import","0","W00","World","0","W00","World","H6","HS","true","6309","Textiles; worn clothing and other worn articles","4","false","C00","TOTAL CPC","0","0","TOTAL MOT","8","kg","73364700","false","8","kg","73364700","false","73364700","false","0","false","47599643","42695769.88","47599643","0","false","true",
"C","A","20220101","2022","52","2022","800","UGA","Uganda","M","Import","0","W00","World","0","W00","World","H6","HS","true","6309","Textiles; worn clothing and other worn articles","4","false","C00","TOTAL CPC","0","0","TOTAL MOT","8","kg","94879226.261","true","-1","N/A","0","false","94879226.261","true","0","false","106867940.2",,"106867940.2","6","false","true",
"C","A","20220101","2022","52","2022","804","UKR","Ukraine","M","Import","0","W00","World","0","W00","World","H5","HS","true","6309","Textiles; worn clothing and other worn articles","4","false","C00","TOTAL CPC","0","0","TOTAL MOT","8","kg","88792692.87","false","8","kg","88792692.87","false","88792692.87","false","0","false","133006238.23",,"133006238.23","0","false","true",
"C","A","20220101","2022","52","2022","807","MKD","North Macedonia","M","Import","0","W00","World","0","W00","World","H6","HS","true","6309","Textiles; worn clothing and other worn articles","4","false","C00","TOTAL CPC","0","0","TOTAL MOT","8","kg","709852.932","true","-1","N/A","0","false","709852.932","true","0","false","403525.11",,"403525.11","6","false","true",
"C","A","20220101","2022","52","2022","818","EGY","Egypt","M","Import","0","W00","World","0","W00","World","H6","HS","true","6309","Textiles; worn clothing and other worn articles","4","false","C00","TOTAL CPC","0","0","TOTAL MOT","8","kg","5522342.537","true","-1","N/A","0","false","5522342.537","true","0","false","6737224.856",,"6737224.856","6","false","true",
"C","A","20220101","2022","52","2022","826","GBR","United Kingdom","M","Import","0","W00","World","0","W00","World","H6","HS","true","6309","Textiles; worn clothing and other worn articles","4","false","C00","TOTAL CPC","0","0","TOTAL MOT","-1","N/A","0","false","-1","N/A","0","false",,"false","0","false","110228917.661",,"110228917.661","0","false","true",
"C","A","20220101","2022","52","2022","834","TZA","United Rep. of Tanzania","M","Import","0","W00","World","0","W00","World","H6","HS","true","6309","Textiles; worn clothing and other worn articles","4","false","C00","TOTAL CPC","0","0","TOTAL MOT","8","kg","95379959.163","true","-1","N/A","0","false","95379959.163","true","0","false","108710058.086","98684239.965","108710058.086","6","false","true",
"C","A","20220101","2022","52","2022","842","USA","USA","M","Import","0","W00","World","0","W00","World","H6","HS","true","6309","Textiles; worn clothing and other worn articles","4","false","C00","TOTAL CPC","0","0","TOTAL MOT","8","kg","11804847","false","8","kg","11804847","false","11804847","false","0","false","24944312","23255867","24944312","0","false","true",
"C","A","20220101","2022","52","2022","854","BFA","Burkina Faso","M","Import","0","W00","World","0","W00","World","H6","HS","true","6309","Textiles; worn clothing and other worn articles","4","false","C00","TOTAL CPC","0","0","TOTAL MOT","8","kg","14529531","false","8","kg","14529531","false","14529531","false","0","false","6134675.239",,"6134675.239","0","false","true",
"C","A","20220101","2022","52","2022","858","URY","Uruguay","M","Import","0","W00","World","0","W00","World","H6","HS","true","6309","Textiles; worn clothing and other worn articles","4","false","C00","TOTAL CPC","0","0","TOTAL MOT","-1","N/A","0","false","-1","N/A","0","false",,"false","0","false","177163.58","156825.19","177163.58","0","false","true",
"C","A","20220101","2022","52","2022","860","UZB","Uzbekistan","M","Import","0","W00","World","0","W00","World","H5","HS","true","6309","Textiles; worn clothing and other worn articles","4","false","C00","TOTAL CPC","0","0","TOTAL MOT","8","kg","1240.3","false","21","1000 KG","1.24","false","1240.3","false","0","false","1156","0","1156","0","false","true",
"C","A","20220101","2022","52","2022","882","WSM","Samoa","M","Import","0","W00","World","0","W00","World","H5","HS","true","6309","Textiles; worn clothing and other worn articles","4","false","C00","TOTAL CPC","0","0","TOTAL MOT","8","kg","441844.762","true","-1","N/A","0","false","441844.762","true","0","false","728609.458",,"728609.458","6","false","true",
"C","A","20220101","2022","52","2022","894","ZMB","Zambia","M","Import","0","W00","World","0","W00","World","H6","HS","true","6309","Textiles; worn clothing and other worn articles","4","false","C00","TOTAL CPC","0","0","TOTAL MOT","8","kg","40275998.13","false","8","kg","40275998.13","false","40275998.13","false","0","false","64163757.955","15316837.554","64163757.955","0","false","true",
"C","A","20230101","2023","52","2023","8","ALB","Albania","M","Import","0","W00","World","0","W00","World","H6","HS","true","6309","Textiles; worn clothing and other worn articles","4","false","C00","TOTAL CPC","0","0","TOTAL MOT","8","kg","7771577.88","false","8","kg","7771577.88","false","7771577.88","false","0","false","8697428.583",,"8697428.583","0","false","true",
"C","A","20230101","2023","52","2023","20","AND","Andorra","M","Import","0","W00","World","0","W00","World","H6","HS","true","6309","Textiles; worn clothing and other worn articles","4","false","C00","TOTAL CPC","0","0","TOTAL MOT","8","kg","328308","false","8","kg","328308","false","328308","false","0","false","430263.176",,"430263.176","0","false","true",
"C","A","20230101","2023","52","2023","24","AGO","Angola","M","Import","0","W00","World","0","W00","World","H5","HS","true","6309","Textiles; worn clothing and other worn articles","4","false","C00","TOTAL CPC","0","0","TOTAL MOT","-1","N/A","0","false","-1","N/A","0","false",,"false","0","false","70155243.75","61012156.62","70155243.75","0","false","true",
"C","A","20230101","2023","52","2023","28","ATG","Antigua and Barbuda","M","Import","0","W00","World","0","W00","World","H3","HS","true","6309","Textiles; worn clothing and other worn articles","4","false","C00","TOTAL CPC","0","0","TOTAL MOT","8","kg","25310.143","false","5","u","4301","false","25310.143","false","0","false","77938.337",,"77938.337","0","false","true",
"C","A","20230101","2023","52","2023","31","AZE","Azerbaijan","M","Import","0","W00","World","0","W00","World","H6","HS","true","6309","Textiles; worn clothing and other worn articles","4","false","C00","TOTAL CPC","0","0","TOTAL MOT","8","kg","917714.72","false","8","kg","917714.72","false","917714.72","false","0","false","2733269.51",,"2733269.51","0","false","true",
"C","A","20230101","2023","52","2023","36","AUS","Australia","M","Import","0","W00","World","0","W00","World","H6","HS","true","6309","Textiles; worn clothing and other worn articles","4","false","C00","TOTAL CPC","0","0","TOTAL MOT","8","kg","2451610.915","true","-1","N/A","0","false",,"false","0","false","3515398.699","3104403.225","3515398.699","2","false","true",
"C","A","20230101","2023","52","2023","40","AUT","Austria","M","Import","0","W00","World","0","W00","World","H6","HS","true","6309","Textiles; worn clothing and other worn articles","4","false","C00","TOTAL CPC","0","0","TOTAL MOT","8","kg","3375743.438","true","-1","N/A","0","false","3375743.438","true","0","false","7028673.131",,"7028673.131","6","false","true",
"C","A","20230101","2023","52","2023","44","BHS","Bahamas","M","Import","0","W00","World","0","W00","World","H6","HS","true","6309","Textiles; worn clothing and other worn articles","4","false","C00","TOTAL CPC","0","0","TOTAL MOT","-1","N/A","0","false","-1","N/A","0","false",,"false","0","false","998027",,"998027","0","false","true",
"C","A","20230101","2023","52","2023","48","BHR","Bahrain","M","Import","0","W00","World","0","W00","World","H6","HS","true","6309","Textiles; worn clothing and other worn articles","4","false","C00","TOTAL CPC","0","0","TOTAL MOT","8","kg","24924.834","true","-1","N/A","0","false","24924.834","true","0","false","35740.064",,"35740.064","6","false","true",
"C","A","20230101","2023","52","2023","51","ARM","Armenia","M","Import","0","W00","World","0","W00","World","H6","HS","true","6309","Textiles; worn clothing and other worn articles","4","false","C00","TOTAL CPC","0","0","TOTAL MOT","8","kg","1264660.31","false","8","kg","1264660.31","false","1264516.31","false","0","false","1397078.39",,"1397078.39","0","false","true",
"C","A","20230101","2023","52","2023","52","BRB","Barbados","M","Import","0","W00","World","0","W00","World","H5","HS","true","6309","Textiles; worn clothing and other worn articles","4","false","C00","TOTAL CPC","0","0","TOTAL MOT","8","kg","150","false","8","kg","150","false","150","false","0","false","617.5",,"617.5","0","false","true",
"C","A","20230101","2023","52","2023","56","BEL","Belgium","M","Import","0","W00","World","0","W00","World","H6","HS","true","6309","Textiles; worn clothing and other worn articles","4","false","C00","TOTAL CPC","0","0","TOTAL MOT","8","kg","47058514.91","false","8","kg","47058514.91","false","47058514.91","false","0","false","46584424.324",,"46584424.324","0","false","true",
"C","A","20230101","2023","52","2023","60","BMU","Bermuda","M","Import","0","W00","World","0","W00","World","H6","HS","true","6309","Textiles; worn clothing and other worn articles","4","false","C00","TOTAL CPC","0","0","TOTAL MOT","8","kg","3499","false","8","kg","3499","false","3499","false","0","false",,"80474.01","80474.01","0","false","true",
"C","A","20230101","2023","52","2023","64","BTN","Bhutan","M","Import","0","W00","World","0","W00","World","H6","HS","true","6309","Textiles; worn clothing and other worn articles","4","false","C00","TOTAL CPC","0","0","TOTAL MOT","8","kg","58924.114","true","-1","N/A","0","false","58924.114","true","0","false","71883.624",,"71883.624","6","false","true",
"C","A","20230101","2023","52","2023","70","BIH","Bosnia Herzegovina","M","Import","0","W00","World","0","W00","World","H6","HS","true","6309","Textiles; worn clothing and other worn articles","4","false","C00","TOTAL CPC","0","0","TOTAL MOT","8","kg","5053431.26","false","8","kg","5053431.26","false","5053431.26","false","0","false","7181416.126",,"7181416.126","0","false","true",
"C","A","20230101","2023","52","2023","72","BWA","Botswana","M","Import","0","W00","World","0","W00","World","H6","HS","true","6309","Textiles; worn clothing and other worn articles","4","false","C00","TOTAL CPC","0","0","TOTAL MOT","8","kg","511473.56","false","8","kg","511473.56","false","586198.838","false","0","false","813903.334",,"813903.334","0","false","true",
"C","A","20230101","2023","52","2023","76","BRA","Brazil","M","Import","0","W00","World","0","W00","World","H6","HS","true","6309","Textiles; worn clothing and other worn articles","4","false","C00","TOTAL CPC","0","0","TOTAL MOT","8","kg","120123","false","8","kg","120123","false","120123","false","0","false","151568","122013","151568","0","false","true",
"C","A","20230101","2023","52","2023","84","BLZ","Belize","M","Import","0","W00","World","0","W00","World","H6","HS","true","6309","Textiles; worn clothing and other worn articles","4","false","C00","TOTAL CPC","0","0","TOTAL MOT","8","kg","9525205.963","true","-1","N/A","0","false","9525205.963","true","0","false","5320954.985",,"5320954.985","6","false","true",
"C","A","20230101","2023","52","2023","96","BRN","Brunei Darussalam","M","Import","0","W00","World","0","W00","World","H6","HS","true","6309","Textiles; worn clothing and other worn articles","4","false","C00","TOTAL CPC","0","0","TOTAL MOT","8","kg","16213.572","true","-1","N/A","0","false","16213.572","true","0","false","102234.446",,"102234.446","6","false","true",
"C","A","20230101","2023","52","2023","100","BGR","Bulgaria","M","Import","0","W00","World","0","W00","World","H6","HS","true","6309","Textiles; worn clothing and other worn articles","4","false","C00","TOTAL CPC","0","0","TOTAL MOT","8","kg","50993317.941","true","-1","N/A","0","false","50993317.941","true","0","false","79870894.635",,"79870894.635","6","false","true",
"C","A","20230101","2023","52","2023","104","MMR","Myanmar","M","Import","0","W00","World","0","W00","World","H6","HS","true","6309","Textiles; worn clothing and other worn articles","4","false","C00","TOTAL CPC","0","0","TOTAL MOT","8","kg","1460.16","false","8","kg","1460.16","false","1460.16","false","0","false","2745",,"2745","0","false","true",
"C","A","20230101","2023","52","2023","108","BDI","Burundi","M","Import","0","W00","World","0","W00","World","H6","HS","true","6309","Textiles; worn clothing and other worn articles","4","false","C00","TOTAL CPC","0","0","TOTAL MOT","8","kg","16246733.586","true","-1","N/A","0","false","16246733.586","true","0","false","19819968.583",,"19819968.583","6","false","true",
"C","A","20230101","2023","52","2023","116","KHM","Cambodia","M","Import","0","W00","World","0","W00","World","H6","HS","true","6309","Textiles; worn clothing and other worn articles","4","false","C00","TOTAL CPC","0","0","TOTAL MOT","8","kg","62506413.17","false","8","kg","62506413.17","false","62506413.17","false","0","false","50185720.25",,"50185720.25","0","false","true",
"C","A","20230101","2023","52","2023","120","CMR","Cameroon","M","Import","0","W00","World","0","W00","World","H6","HS","true","6309","Textiles; worn clothing and other worn articles","4","false","C00","TOTAL CPC","0","0","TOTAL MOT","8","kg","61220895.94","false","8","kg","61220895.94","false","61220895.94","false","0","false","50282793.122",,"50282793.122","0","false","true",
"C","A","20230101","2023","52","2023","124","CAN","Canada","M","Import","0","W00","World","0","W00","World","H6","HS","true","6309","Textiles; worn clothing and other worn articles","4","false","C00","TOTAL CPC","0","0","TOTAL MOT","8","kg","89317929","false","8","kg","89317929","false","89317929","false","0","false",,"47095637.328","47095637.328","0","false","true",
"C","A","20230101","2023","52","2023","132","CPV","Cabo Verde","M","Import","0","W00","World","0","W00","World","H5","HS","true","6309","Textiles; worn clothing and other worn articles","4","false","C00","TOTAL CPC","0","0","TOTAL MOT","8","kg","4326911","false","8","kg","4326911","false","4326911","false","0","false","7148703.984","6972433.908","7148703.984","0","false","true",
"C","A","20230101","2023","52","2023","136","CYM","Cayman Isds","M","Import","0","W00","World","0","W00","World","H5","HS","true","6309","Textiles; worn clothing and other worn articles","4","false","C00","TOTAL CPC","0","0","TOTAL MOT","8","kg","1049729.064","true","-1","N/A","0","false","1049729.064","true","0","false","1280601.849",,"1280601.849","6","false","true",
"C","A","20230101","2023","52","2023","140","CAF","Central African Rep.","M","Import","0","W00","World","0","W00","World","H5","HS","true","6309","Textiles; worn clothing and other worn articles","4","false","C00","TOTAL CPC","0","0","TOTAL MOT","8","kg","9697080","false","8","kg","9697080","false","9697080","false","0","false","7199044.749",,"7199044.749","0","false","true",
"C","A","20230101","2023","52","2023","144","LKA","Sri Lanka","M","Import","0","W00","World","0","W00","World","H6","HS","true","6309","Textiles; worn clothing and other worn articles","4","false","C00","TOTAL CPC","0","0","TOTAL MOT","8","kg","26407.82","false","8","kg","26407.82","false","26407.82","false","0","false","8678.527",,"8678.527","0","false","true",
"C","A","20230101","2023","52","2023","152","CHL","Chile","M","Import","0","W00","World","0","W00","World","H6","HS","true","6309","Textiles; worn clothing and other worn articles","4","false","C00","TOTAL CPC","0","0","TOTAL MOT","-1","N/A","0","false","-1","N/A","0","false",,"false","0","false","141448215.701","128630859.199","141448215.701","0","false","true",
"C","A","20230101","2023","52","2023","174","COM","Comoros","M","Import","0","W00","World","0","W00","World","H6","HS","true","6309","Textiles; worn clothing and other worn articles","4","false","C00","TOTAL CPC","0","0","TOTAL MOT","8","kg","781642","false","8","kg","781642","false","781642","false","0","false","859413.152",,"859413.152","0","false","true",
"C","A","20230101","2023","52","2023","178","COG","Congo","M","Import","0","W00","World","0","W00","World","H6","HS","true","6309","Textiles; worn clothing and other worn articles","4","false","C00","TOTAL CPC","0","0","TOTAL MOT","8","kg","27200442.2","false","8","kg","27200442.2","false","27200442.2","false","0","false","11233368.81",,"11233368.81","0","false","true",
"C","A","20230101","2023","52","2023","180","COD","Dem. Rep. of the Congo","M","Import","0","W00","World","0","W00","World","H4","HS","true","6309","Textiles; worn clothing and other worn articles","4","false","C00","TOTAL CPC","0","0","TOTAL MOT","8","kg","123399433.44","false","8","kg","123399433.44","false","123399433.44","false","0","false","133220624.13",,"133220624.13","0","false","true",
"C","A","20230101","2023","52","2023","188","CRI","Costa Rica","M","Import","0","W00","World","0","W00","World","H6","HS","true","6309","Textiles; worn clothing and other worn articles","4","false","C00","TOTAL CPC","0","0","TOTAL MOT","8","kg","14362061.53","false","8","kg","14362061.53","false","14362061.53","false","0","false","9688704.25",,"9688704.25","0","false","true",
"C","A","20230101","2023","52","2023","191","HRV","Croatia","M","Import","0","W00","World","0","W00","World","H6","HS","true","6309","Textiles; worn clothing and other worn articles","4","false","C00","TOTAL CPC","0","0","TOTAL MOT","8","kg","1021512.949","false","8","kg","1021512.949","false","1021512.949","false","0","false","2796151",,"2796151","0","false","true",
"C","A","20230101","2023","52","2023","196","CYP","Cyprus","M","Import","0","W00","World","0","W00","World","H6","HS","true","6309","Textiles; worn clothing and other worn articles","4","false","C00","TOTAL CPC","0","0","TOTAL MOT","8","kg","63452","false","8","kg","63452","false","63452","false","0","false","313118.092",,"313118.092","0","false","true",
"C","A","20230101","2023","52","2023","203","CZE","Czechia","M","Import","0","W00","World","0","W00","World","H6","HS","true","6309","Textiles; worn clothing and other worn articles","4","false","C00","TOTAL CPC","0","0","TOTAL MOT","8","kg","22829978.885","true","-1","N/A","0","false","22829978.885","true","0","false","19923955","19700605","19923955","6","false","true",
"C","A","20230101","2023","52","2023","204","BEN","Benin","M","Import","0","W00","World","0","W00","World","H6","HS","true","6309","Textiles; worn clothing and other worn articles","4","false","C00","TOTAL CPC","0","0","TOTAL MOT","8","kg","123156365","false","8","kg","123156365","false","123156365","false","0","false","48624195.835",,"48624195.835","0","false","true",
"C","A","20230101","2023","52","2023","208","DNK","Denmark","M","Import","0","W00","World","0","W00","World","H6","HS","true","6309","Textiles; worn clothing and other worn articles","4","false","C00","TOTAL CPC","0","0","TOTAL MOT","8","kg","372653","false","8","kg","372653","false","372653","false","0","false","5238124.721",,"5238124.721","0","false","true",
"C","A","20230101","2023","52","2023","212","DMA","Dominica","M","Import","0","W00","World","0","W00","World","H5","HS","true","6309","Textiles; worn clothing and other worn articles","4","false","C00","TOTAL CPC","0","0","TOTAL MOT","8","kg","347920.017","true","-1","N/A","0","false","347920.017","true","0","false","780063.664",,"780063.664","6","false","true",
"C","A","20230101","2023","52","2023","214","DOM","Dominican Rep.","M","Import","0","W00","World","0","W00","World","H6","HS","true","6309","Textiles; worn clothing and other worn articles","4","false","C00","TOTAL CPC","0","0","TOTAL MOT","8","kg","157842.416","true","-1","N/A","0","false","157842.416","true","0","false","1043668.284",,"1043668.284","6","false","true",
"C","A","20230101","2023","52","2023","222","SLV","El Salvador","M","Import","0","W00","World","0","W00","World","H6","HS","true","6309","Textiles; worn clothing and other worn articles","4","false","C00","TOTAL CPC","0","0","TOTAL MOT","8","kg","31777151.18","false","8","kg","31777151.18","false","31777151.18","false","0","false","66242590.57",,"66242590.57","0","false","true",
"C","A","20230101","2023","52","2023","233","EST","Estonia","M","Import","0","W00","World","0","W00","World","H6","HS","true","6309","Textiles; worn clothing and other worn articles","4","false","C00","TOTAL CPC","0","0","TOTAL MOT","8","kg","5963677.925","false","8","kg","5963677.925","false","5963677.925","false","0","false","7380584.58",,"7380584.58","0","false","true",
"C","A","20230101","2023","52","2023","242","FJI","Fiji","M","Import","0","W00","World","0","W00","World","H6","HS","true","6309","Textiles; worn clothing and other worn articles","4","false","C00","TOTAL CPC","0","0","TOTAL MOT","8","kg","2132892.3","false","8","kg","2132892.3","false","2132892.3","false","0","false","4807590.641",,"4807590.641","0","false","true",
"C","A","20230101","2023","52","2023","246","FIN","Finland","M","Import","0","W00","World","0","W00","World","H6","HS","true","6309","Textiles; worn clothing and other worn articles","4","false","C00","TOTAL CPC","0","0","TOTAL MOT","8","kg","364364.899","true","-1","N/A","0","false","364364.899","true","0","false","932827.739",,"932827.739","6","false","true",
"C","A","20230101","2023","52","2023","251","FRA","France","M","Import","0","W00","World","0","W00","World","H6","HS","true","6309","Textiles; worn clothing and other worn articles","4","false","C00","TOTAL CPC","0","0","TOTAL MOT","-1","N/A","0","false","-1","N/A","0","false",,"false","0","false","26773644.995",,"26773644.995","0","false","true",
"C","A","20230101","2023","52","2023","262","DJI","Djibouti","M","Import","0","W00","World","0","W00","World","H3","HS","true","6309","Textiles; worn clothing and other worn articles","4","false","C00","TOTAL CPC","0","0","TOTAL MOT","8","kg","5827877.5","false","8","kg","5827877.5","false","5827877.5","false","0","false","4298767.009",,"4298767.009","0","false","true",
"C","A","20230101","2023","52","2023","266","GAB","Gabon","M","Import","0","W00","World","0","W00","World","H6","HS","true","6309","Textiles; worn clothing and other worn articles","4","false","C00","TOTAL CPC","0","0","TOTAL MOT","8","kg","8617065","false","8","kg","8617065","false","8617065","false","0","false","7617508.635",,"7617508.635","0","false","true",
"C","A","20230101","2023","52","2023","268","GEO","Georgia","M","Import","0","W00","World","0","W00","World","H6","HS","true","6309","Textiles; worn clothing and other worn articles","4","false","C00","TOTAL CPC","0","0","TOTAL MOT","8","kg","10642038.08","false","8","kg","10642038.08","false","10642038.08","false","0","false","40742601.743",,"40742601.743","0","false","true",
"C","A","20230101","2023","52","2023","270","GMB","Gambia","M","Import","0","W00","World","0","W00","World","H6","HS","true","6309","Textiles; worn clothing and other worn articles","4","false","C00","TOTAL CPC","0","0","TOTAL MOT","8","kg","2489128.65","false","8","kg","2489128.65","false","2489128.65","false","0","false","618491.11",,"618491.11","0","false","true",
"C","A","20230101","2023","52","2023","275","PSE","State of Palestine","M","Import","0","W00","World","0","W00","World","H4","HS","true","6309","Textiles; worn clothing and other worn articles","4","false","C00","TOTAL CPC","0","0","TOTAL MOT","8","kg","547940.859","true","-1","N/A","0","false","547940.859","true","0","false","668476.613",,"668476.613","6","false","true",
"C","A","20230101","2023","52","2023","276","DEU","Germany","M","Import","0","W00","World","0","W00","World","H6","HS","true","6309","Textiles; worn clothing and other worn articles","4","false","C00","TOTAL CPC","0","0","TOTAL MOT","8","kg","50209567.007","true","-1","N/A","0","false","50209567.007","true","0","false","54196002.645",,"54196002.645","6","false","true",
"C","A","20230101","2023","52","2023","288","GHA","Ghana","M","Import","0","W00","World","0","W00","World","H5","HS","true","6309","Textiles; worn clothing and other worn articles","4","false","C00","TOTAL CPC","0","0","TOTAL MOT","-1","N/A","0","false","8","kg","110859697.907","false","112139990.017","false","0","false","92875905.287",,"92875905.287","0","false","true",
"C","A","20230101","2023","52","2023","300","GRC","Greece","M","Import","0","W00","World","0","W00","World","H6","HS","true","6309","Textiles; worn clothing and other worn articles","4","false","C00","TOTAL CPC","0","0","TOTAL MOT","8","kg","2063305.396","true","-1","N/A","0","false","2063305.396","true","0","false","5942053.313",,"5942053.313","6","false","true",
"C","A","20230101","2023","52","2023","308","GRD","Grenada","M","Import","0","W00","World","0","W00","World","H4","HS","true","6309","Textiles; worn clothing and other worn articles","4","false","C00","TOTAL CPC","0","0","TOTAL MOT","8","kg","10425","false","8","kg","10425","false","10425","false","0","false","21871.113",,"21871.113","0","false","true",
"C","A","20230101","2023","52","2023","320","GTM","Guatemala","M","Import","0","W00","World","0","W00","World","H6","HS","true","6309","Textiles; worn clothing and other worn articles","4","false","C00","TOTAL CPC","0","0","TOTAL MOT","8","kg","131245591","false","8","kg","131245591","false","131245591","false","0","false","211515911",,"211515911","0","false","true",
"C","A","20230101","2023","52","2023","328","GUY","Guyana","M","Import","0","W00","World","0","W00","World","H5","HS","true","6309","Textiles; worn clothing and other worn articles","4","false","C00","TOTAL CPC","0","0","TOTAL MOT","8","kg","1478134.6","false","5","u","1602754","false","1478134.6","false","0","false","1849274.529","245153.992","1849274.529","0","false","true",
"C","A","20230101","2023","52","2023","340","HND","Honduras","M","Import","0","W00","World","0","W00","World","H6","HS","true","6309","Textiles; worn clothing and other worn articles","4","false","C00","TOTAL CPC","0","0","TOTAL MOT","8","kg","60426290.63","false","8","kg","60426290.63","false","60426290.63","false","0","false","111875960.19",,"111875960.19","0","false","true",
"C","A","20230101","2023","52","2023","344","HKG","China, Hong Kong SAR","M","Import","0","W00","World","0","W00","World","H6","HS","true","6309","Textiles; worn clothing and other worn articles","4","false","C00","TOTAL CPC","0","0","TOTAL MOT","8","kg","30937075","false","8","kg","30937075","false","30937075","false","0","false","11581584.091",,"11581584.091","0","false","true",
"C","A","20230101","2023","52","2023","348","HUN","Hungary","M","Import","0","W00","World","0","W00","World","H6","HS","true","6309","Textiles; worn clothing and other worn articles","4","false","C00","TOTAL CPC","0","0","TOTAL MOT","-1","N/A","0","false","-1","N/A","0","false","62911286.279","true","0","false","52973829.906",,"52973829.906","4","false","true",
"C","A","20230101","2023","52","2023","352","ISL","Iceland","M","Import","0","W00","World","0","W00","World","H6","HS","true","6309","Textiles; worn clothing and other worn articles","4","false","C00","TOTAL CPC","0","0","TOTAL MOT","8","kg","35679.337","true","-1","N/A","0","false","35679.337","true","0","false","486774.839","434030.714","486774.839","6","false","true",
"C","A","20230101","2023","52","2023","360","IDN","Indonesia","M","Import","0","W00","World","0","W00","World","H6","HS","true","6309","Textiles; worn clothing and other worn articles","4","false","C00","TOTAL CPC","0","0","TOTAL MOT","8","kg","12856","false","8","kg","12856","false","12856","false","0","false","29759",,"29759","0","false","true",
"C","A","20230101","2023","52","2023","368","IRQ","Iraq","M","Import","0","W00","World","0","W00","World","H2","HS","true","6309","Textiles; worn clothing and other worn articles","4","false","C00","TOTAL CPC","0","0","TOTAL MOT","8","kg","1426511.374","true","-1","N/A","0","false","3072468","false","0","false","1740252",,"1740252","2","false","true",
"C","A","20230101","2023","52","2023","372","IRL","Ireland","M","Import","0","W00","World","0","W00","World","H6","HS","true","6309","Textiles; worn clothing and other worn articles","4","false","C00","TOTAL CPC","0","0","TOTAL MOT","8","kg","513195.081","true","-1","N/A","0","false","513195.081","true","0","false","3510927.866",,"3510927.866","6","false","true",
"C","A","20230101","2023","52","2023","376","ISR","Israel","M","Import","0","W00","World","0","W00","World","H6","HS","true","6309","Textiles; worn clothing and other worn articles","4","false","C00","TOTAL CPC","0","0","TOTAL MOT","8","kg","2135358.632","true","-1","N/A","0","false","2135358.632","true","0","false","2605000",,"2605000","6","false","true",
"C","A","20230101","2023","52","2023","380","ITA","Italy","M","Import","0","W00","World","0","W00","World","H6","HS","true","6309","Textiles; worn clothing and other worn articles","4","false","C00","TOTAL CPC","0","0","TOTAL MOT","8","kg","56467419","false","8","kg","56467419","false","56467419","false","0","false","62360530.618",,"62360530.618","0","false","true",
"C","A","20230101","2023","52","2023","384","CIV","Côte d'Ivoire","M","Import","0","W00","World","0","W00","World","H6","HS","true","6309","Textiles; worn clothing and other worn articles","4","false","C00","TOTAL CPC","0","0","TOTAL MOT","8","kg","25047095","false","8","kg","25047095","false","25047095","false","0","false","31290107.743",,"31290107.743","0","false","true",
"C","A","20230101","2023","52","2023","388","JAM","Jamaica","M","Import","0","W00","World","0","W00","World","H6","HS","true","6309","Textiles; worn clothing and other worn articles","4","false","C00","TOTAL CPC","0","0","TOTAL MOT","8","kg","2325456.17","false","8","kg","2325456.17","false","2325456.17","false","0","false","2373921.02",,"2373921.02","0","false","true",
"C","A","20230101","2023","52","2023","392","JPN","Japan","M","Import","0","W00","World","0","W00","World","H6","HS","true","6309","Textiles; worn clothing and other worn articles","4","false","C00","TOTAL CPC","0","0","TOTAL MOT","8","kg","9542818.979","true","-1","N/A","0","false","9542818.979","true","0","false","85493335.353",,"85493335.353","6","false","true",
"C","A","20230101","2023","52","2023","398","KAZ","Kazakhstan","M","Import","0","W00","World","0","W00","World","H6","HS","true","6309","Textiles; worn clothing and other worn articles","4","false","C00","TOTAL CPC","0","0","TOTAL MOT","8","kg","2155361.49","false","8","kg","2155361.49","false","2155361.49","false","0","false","3971881.09",,"3971881.09","0","false","true",
"C","A","20230101","2023","52","2023","400","JOR","Jordan","M","Import","0","W00","World","0","W00","World","H6","HS","true","6309","Textiles; worn clothing and other worn articles","4","false","C00","TOTAL CPC","0","0","TOTAL MOT","8","kg","20470882.115","true","-1","N/A","0","false","20470882.115","true","0","false","29353480.165",,"29353480.165","6","false","true",
"C","A","20230101","2023","52","2023","404","KEN","Kenya","M","Import","0","W00","World","0","W00","World","H6","HS","true","6309","Textiles; worn clothing and other worn articles","4","false","C00","TOTAL CPC","0","0","TOTAL MOT","8","kg","197821330.27","false","8","kg","197821330.27","false","197821330.27","false","0","false","187256337.869",,"187256337.869","0","false","true",
"C","A","20230101","2023","52","2023","410","KOR","Rep. of Korea","M","Import","0","W00","World","0","W00","World","H6","HS","true","6309","Textiles; worn clothing and other worn articles","4","false","C00","TOTAL CPC","0","0","TOTAL MOT","8","kg","39267917.897","false","8","kg","39267917.897","false","39267917.897","false","0","false","30450433",,"30450433","0","false","true",
"C","A","20230101","2023","52","2023","414","KWT","Kuwait","M","Import","0","W00","World","0","W00","World","H6","HS","true","6309","Textiles; worn clothing and other worn articles","4","false","C00","TOTAL CPC","0","0","TOTAL MOT","8","kg","105453.117","false","8","kg","105453.117","false","105453.117","false","0","false","2578206.379",,"2578206.379","0","false","true",
"C","A","20230101","2023","52","2023","417","KGZ","Kyrgyzstan","M","Import","0","W00","World","0","W00","World","H6","HS","true","6309","Textiles; worn clothing and other worn articles","4","false","C00","TOTAL CPC","0","0","TOTAL MOT","8","kg","4023328","false","8","kg","4023328","false","4023328","false","0","false","2448711",,"2448711","0","false","true",
"C","A","20230101","2023","52","2023","418","LAO","Lao People's Dem. Rep.","M","Import","0","W00","World","0","W00","World","H6","HS","true","6309","Textiles; worn clothing and other worn articles","4","false","C00","TOTAL CPC","0","0","TOTAL MOT","8","kg","227085.3","false","8","kg","227085.3","false","227085.3","false","0","false","410783.01",,"410783.01","0","false","true",
"C","A","20230101","2023","52","2023","422","LBN","Lebanon","M","Import","0","W00","World","0","W00","World","H5","HS","true","6309","Textiles; worn clothing and other worn articles","4","false","C00","TOTAL CPC","0","0","TOTAL MOT","8","kg","15115900.374","true","-1","N/A","0","false","15115900.374","true","0","false","21674898",,"21674898","6","false","true",
"C","A","20230101","2023","52","2023","426","LSO","Lesotho","M","Import","0","W00","World","0","W00","World","H6","HS","true","6309","Textiles; worn clothing and other worn articles","4","false","C00","TOTAL CPC","0","0","TOTAL MOT","8","kg","1714618.89","false","8","kg","1714618.89","false","1714618.89","false","0","false","1508376.302",,"1508376.302","0","false","true",
"C","A","20230101","2023","52","2023","428","LVA","Latvia","M","Import","0","W00","World","0","W00","World","H6","HS","true","6309","Textiles; worn clothing and other worn articles","4","false","C00","TOTAL CPC","0","0","TOTAL MOT","8","kg","16681453.798","true","-1","N/A","0","false","16681453.798","true","0","false","34211094.77",,"34211094.77","6","false","true",
"C","A","20230101","2023","52","2023","430","LBR","Liberia","M","Import","0","W00","World","0","W00","World","H6","HS","true","6309","Textiles; worn clothing and other worn articles","4","false","C00","TOTAL CPC","0","0","TOTAL MOT","8","kg","16186574.52","false","8","kg","16186574.52","false","16186574.52","false","0","false","18503595.21",,"18503595.21","0","false","true",
"C","A","20230101","2023","52","2023","440","LTU","Lithuania","M","Import","0","W00","World","0","W00","World","H6","HS","true","6309","Textiles; worn clothing and other worn articles","4","false","C00","TOTAL CPC","0","0","TOTAL MOT","8","kg","56975961.633","false","8","kg","56975961.633","false","56975961.633","false","0","false","71542664",,"71542664","0","false","true",
"C","A","20230101","2023","52","2023","442","LUX","Luxembourg","M","Import","0","W00","World","0","W00","World","H6","HS","true","6309","Textiles; worn clothing and other worn articles","4","false","C00","TOTAL CPC","0","0","TOTAL MOT","-1","N/A","0","false","-1","N/A","0","false",,"false","0","false","966861.393","961968.847","966861.393","0","false","true",
"C","A","20230101","2023","52","2023","446","MAC","China, Macao SAR","M","Import","0","W00","World","0","W00","World","H6","HS","true","6309","Textiles; worn clothing and other worn articles","4","false","C00","TOTAL CPC","0","0","TOTAL MOT","8","kg","705249","false","8","kg","705249","false","705249","false","0","false","2319132.502",,"2319132.502","0","false","true",
"C","A","20230101","2023","52","2023","450","MDG","Madagascar","M","Import","0","W00","World","0","W00","World","H6","HS","true","6309","Textiles; worn clothing and other worn articles","4","false","C00","TOTAL CPC","0","0","TOTAL MOT","8","kg","54034400.86","false","8","kg","54034400.86","false","53792717.96","false","0","false","70971482.884","65827828.289","70971482.884","0","false","true",
"C","A","20230101","2023","52","2023","454","MWI","Malawi","M","Import","0","W00","World","0","W00","World","H6","HS","true","6309","Textiles; worn clothing and other worn articles","4","false","C00","TOTAL CPC","0","0","TOTAL MOT","8","kg","56120088.84","false","5","u","8325965","false","56120088.84","false","0","false","99228329.88",,"99228329.88","0","false","true",
"C","A","20230101","2023","52","2023","458","MYS","Malaysia","M","Import","0","W00","World","0","W00","World","H6","HS","true","6309","Textiles; worn clothing and other worn articles","4","false","C00","TOTAL CPC","0","0","TOTAL MOT","8","kg","273066454.78","false","8","kg","273066454.78","false","273066454.78","false","0","false","118049402.65",,"118049402.65","0","false","true",
"C","A","20230101","2023","52","2023","462","MDV","Maldives","M","Import","0","W00","World","0","W00","World","H6","HS","true","6309","Textiles; worn clothing and other worn articles","4","false","C00","TOTAL CPC","0","0","TOTAL MOT","8","kg","2370.735","true","-1","N/A","0","false","2370.735","true","0","false","3399.429",,"3399.429","6","false","true",
"C","A","20230101","2023","52","2023","466","MLI","Mali","M","Import","0","W00","World","0","W00","World","H6","HS","true","6309","Textiles; worn clothing and other worn articles","4","false","C00","TOTAL CPC","0","0","TOTAL MOT","8","kg","34371367","false","8","kg","34371367","false","34371367","false","0","false","17015238.339",,"17015238.339","0","false","true",
"C","A","20230101","2023","52","2023","470","MLT","Malta","M","Import","0","W00","World","0","W00","World","H6","HS","true","6309","Textiles; worn clothing and other worn articles","4","false","C00","TOTAL CPC","0","0","TOTAL MOT","8","kg","7454","false","8","kg","7454","false","7454","false","0","false","143203.216",,"143203.216","0","false","true",
"C","A","20230101","2023","52","2023","478","MRT","Mauritania","M","Import","0","W00","World","0","W00","World","H5","HS","true","6309","Textiles; worn clothing and other worn articles","4","false","C00","TOTAL CPC","0","0","TOTAL MOT","8","kg","4168444","false","8","kg","4168444","false","4168444","false","0","false","2334609.602",,"2334609.602","0","false","true",
"C","A","20230101","2023","52","2023","480","MUS","Mauritius","M","Import","0","W00","World","0","W00","World","H6","HS","true","6309","Textiles; worn clothing and other worn articles","4","false","C00","TOTAL CPC","0","0","TOTAL MOT","8","kg","12140","false","8","kg","12140","false","4102","false","0","false","20523.274","13096.225","20523.274","0","false","true",
"C","A","20230101","2023","52","2023","490","S19","Other Asia, nes","M","Import","0","W00","World","0","W00","World","H6","HS","true","6309","Textiles; worn clothing and other worn articles","4","false","C00","TOTAL CPC","0","0","TOTAL MOT","8","kg","798613.521","true","-1","N/A","0","false","798613.521","true","0","false","1336820.132",,"1336820.132","6","false","true",
"C","A","20230101","2023","52","2023","496","MNG","Mongolia","M","Import","0","W00","World","0","W00","World","H6","HS","true","6309","Textiles; worn clothing and other worn articles","4","false","C00","TOTAL CPC","0","0","TOTAL MOT","8","kg","4238690.9","false","8","kg","4238690.9","false","4238690.9","false","0","false","5383136.668",,"5383136.668","0","false","true",
"C","A","20230101","2023","52","2023","498","MDA","Rep. of Moldova","M","Import","0","W00","World","0","W00","World","H6","HS","true","6309","Textiles; worn clothing and other worn articles","4","false","C00","TOTAL CPC","0","0","TOTAL MOT","8","kg","2748683","false","8","kg","2748683","false","2748683","false","0","false","5139690",,"5139690","0","false","true",
"C","A","20230101","2023","52","2023","499","MNE","Montenegro","M","Import","0","W00","World","0","W00","World","H6","HS","true","6309","Textiles; worn clothing and other worn articles","4","false","C00","TOTAL CPC","0","0","TOTAL MOT","8","kg","376462.78","false","8","kg","376462.78","false","376462.78","false","0","false","1300686.938",,"1300686.938","0","false","true",
"C","A","20230101","2023","52","2023","500","MSR","Montserrat","M","Import","0","W00","World","0","W00","World","H5","HS","true","6309","Textiles; worn clothing and other worn articles","4","false","C00","TOTAL CPC","0","0","TOTAL MOT","8","kg","718","false","8","kg","718","false","718","false","0","false","2816.93",,"2816.93","0","false","true",
"C","A","20230101","2023","52","2023","504","MAR","Morocco","M","Import","0","W00","World","0","W00","World","H6","HS","true","6309","Textiles; worn clothing and other worn articles","4","false","C00","TOTAL CPC","0","0","TOTAL MOT","8","kg","61667060.401","true","-1","N/A","0","false","61667060.401","true","0","false","60703647.146",,"60703647.146","6","false","true",
"C","A","20230101","2023","52","2023","508","MOZ","Mozambique","M","Import","0","W00","World","0","W00","World","H6","HS","true","6309","Textiles; worn clothing and other worn articles","4","false","C00","TOTAL CPC","0","0","TOTAL MOT","8","kg","14843240","false","8","kg","14843240","false","15449667","false","0","false","15394000","10256000","15394000","0","false","true",
"C","A","20230101","2023","52","2023","512","OMN","Oman","M","Import","0","W00","World","0","W00","World","H6","HS","true","6309","Textiles; worn clothing and other worn articles","4","false","C00","TOTAL CPC","0","0","TOTAL MOT","8","kg","15714797","false","8","kg","15714797","false","15714797","false","0","false","11332964.872",,"11332964.872","0","false","true",
"C","A","20230101","2023","52","2023","516","NAM","Namibia","M","Import","0","W00","World","0","W00","World","H6","HS","true","6309","Textiles; worn clothing and other worn articles","4","false","C00","TOTAL CPC","0","0","TOTAL MOT","8","kg","164732.326","false","-1","N/A","0","false","164732.326","false","0","false","237529.651","194049.324","237529.651","0","false","true",
"C","A","20230101","2023","52","2023","528","NLD","Netherlands","M","Import","0","W00","World","0","W00","World","H6","HS","true","6309","Textiles; worn clothing and other worn articles","4","false","C00","TOTAL CPC","0","0","TOTAL MOT","8","kg","86594763","false","8","kg","86594763","false","86594763","false","0","false","111090290.582",,"111090290.582","0","false","true",
"C","A","20230101","2023","52","2023","533","ABW","Aruba","M","Import","0","W00","World","0","W00","World","H4","HS","true","6309","Textiles; worn clothing and other worn articles","4","false","C00","TOTAL CPC","0","0","TOTAL MOT","8","kg","5459.2","false","8","kg","5459.2","false","5459.2","false","0","false","28304.469",,"28304.469","0","false","true",
"C","A","20230101","2023","52","2023","554","NZL","New Zealand","M","Import","0","W00","World","0","W00","World","H6","HS","true","6309","Textiles; worn clothing and other worn articles","4","false","C00","TOTAL CPC","0","0","TOTAL MOT","-1","N/A","0","false","-1","N/A","0","false",,"false","60686","false","703493.94","655010.532","703493.94","0","false","true",
"C","A","20230101","2023","52","2023","558","NIC","Nicaragua","M","Import","0","W00","World","0","W00","World","H6","HS","true","6309","Textiles; worn clothing and other worn articles","4","false","C00","TOTAL CPC","0","0","TOTAL MOT","8","kg","45143894.14","false","8","kg","45143894.14","false","45143894.14","false","0","false","83675245.48",,"83675245.48","0","false","true",
"C","A","20230101","2023","52","2023","562","NER","Niger","M","Import","0","W00","World","0","W00","World","H6","HS","true","6309","Textiles; worn clothing and other worn articles","4","false","C00","TOTAL CPC","0","0","TOTAL MOT","8","kg","12576236","false","8","kg","12576236","false","12576236","false","0","false","13955783.859",,"13955783.859","0","false","true",
"C","A","20230101","2023","52","2023","566","NGA","Nigeria","M","Import","0","W00","World","0","W00","World","H6","HS","true","6309","Textiles; worn clothing and other worn articles","4","false","C00","TOTAL CPC","0","0","TOTAL MOT","8","kg","817274.65","false","8","kg","817274.65","false","817274.65","false","0","false","2958574.842",,"2958574.842","0","false","true",
"C","A","20230101","2023","52","2023","579","NOR","Norway","M","Import","0","W00","World","0","W00","World","H6","HS","true","6309","Textiles; worn clothing and other worn articles","4","false","C00","TOTAL CPC","0","0","TOTAL MOT","8","kg","247580","false","8","kg","247580","false","247580","false","0","false","1819807.21",,"1819807.21","0","false","true",
"C","A","20230101","2023","52","2023","586","PAK","Pakistan","M","Import","0","W00","World","0","W00","World","H6","HS","true","6309","Textiles; worn clothing and other worn articles","4","false","C00","TOTAL CPC","0","0","TOTAL MOT","8","kg","866493854.255","true","-1","N/A","0","false","866493854.255","true","0","false","387148118.482",,"387148118.482","6","false","true",
"C","A","20230101","2023","52","2023","591","PAN","Panama","M","Import","0","W00","World","0","W00","World","H6","HS","true","6309","Textiles; worn clothing and other worn articles","4","false","C00","TOTAL CPC","0","0","TOTAL MOT","8","kg","3313418","false","8","kg","3313418","false","3313418","false","3313418","false","5409223",,"5409223","0","false","true",
"C","A","20230101","2023","52","2023","598","PNG","Papua New Guinea","M","Import","0","W00","World","0","W00","World","H6","HS","true","6309","Textiles; worn clothing and other worn articles","4","false","C00","TOTAL CPC","0","0","TOTAL MOT","8","kg","17990503.634","true","-1","N/A","0","false","17990503.634","true","0","false","21947255.732",,"21947255.732","6","false","true",
"C","A","20230101","2023","52","2023","600","PRY","Paraguay","M","Import","0","W00","World","0","W00","World","H6","HS","true","6309","Textiles; worn clothing and other worn articles","4","false","C00","TOTAL CPC","0","0","TOTAL MOT","8","kg","84628.31","false","8","kg","84628.31","false","84628.31","false","0","false","745418.832","389292.16","745418.832","0","false","true",
"C","A","20230101","2023","52","2023","604","PER","Peru","M","Import","0","W00","World","0","W00","World","H6","HS","true","6309","Textiles; worn clothing and other worn articles","4","false","C00","TOTAL CPC","0","0","TOTAL MOT","8","kg","28764.39","false","8","kg","28764.39","false","28764.39","false","0","false","54947.46",,"54947.46","0","false","true",
"C","A","20230101","2023","52","2023","608","PHL","Philippines","M","Import","0","W00","World","0","W00","World","H6","HS","true","6309","Textiles; worn clothing and other worn articles","4","false","C00","TOTAL CPC","0","0","TOTAL MOT","8","kg","60068951.91","false","8","kg","60068951.91","false","60068951.91","false","60068951.91","false","18273098","16458211","18273098","0","false","true",
"C","A","20230101","2023","52","2023","616","POL","Poland","M","Import","0","W00","World","0","W00","World","H6","HS","true","6309","Textiles; worn clothing and other worn articles","4","false","C00","TOTAL CPC","0","0","TOTAL MOT","8","kg","85511317.399","true","-1","N/A","0","false","85511317.399","true","0","false","127216820",,"127216820","6","false","true",
"C","A","20230101","2023","52","2023","620","PRT","Portugal","M","Import","0","W00","World","0","W00","World","H6","HS","true","6309","Textiles; worn clothing and other worn articles","4","false","C00","TOTAL CPC","0","0","TOTAL MOT","8","kg","23447544.42","true","-1","N/A","0","false","23447544.42","true","0","false","12782819.258",,"12782819.258","6","false","true",
"C","A","20230101","2023","52","2023","626","TLS","Timor-Leste","M","Import","0","W00","World","0","W00","World","H5","HS","true","6309","Textiles; worn clothing and other worn articles","4","false","C00","TOTAL CPC","0","0","TOTAL MOT","8","kg","5546148.79","false","8","kg","5546148.79","false","5546148.79","false","0","false","7009796.37",,"7009796.37","0","false","true",
"C","A","20230101","2023","52","2023","634","QAT","Qatar","M","Import","0","W00","World","0","W00","World","H6","HS","true","6309","Textiles; worn clothing and other worn articles","4","false","C00","TOTAL CPC","0","0","TOTAL MOT","8","kg","293721.891","true","-1","N/A","0","false","293721.891","true","0","false","421171.869",,"421171.869","6","false","true",
"C","A","20230101","2023","52","2023","642","ROU","Romania","M","Import","0","W00","World","0","W00","World","H6","HS","true","6309","Textiles; worn clothing and other worn articles","4","false","C00","TOTAL CPC","0","0","TOTAL MOT","8","kg","47857991.13","false","8","kg","47857991.13","false","47857991.13","false","0","false","55522334.36","53284389.98","55522334.36","0","false","true",
"C","A","20230101","2023","52","2023","670","VCT","Saint Vincent and the Grenadines","M","Import","0","W00","World","0","W00","World","H6","HS","true","6309","Textiles; worn clothing and other worn articles","4","false","C00","TOTAL CPC","0","0","TOTAL MOT","8","kg","3528.44","false","8","kg","3528.44","false","3528.44","false","0","false","10124.405",,"10124.405","0","false","true",
"C","A","20230101","2023","52","2023","678","STP","Sao Tome and Principe","M","Import","0","W00","World","0","W00","World","H5","HS","true","6309","Textiles; worn clothing and other worn articles","4","false","C00","TOTAL CPC","0","0","TOTAL MOT","8","kg","1435124.66","false","8","kg","1435124.66","false","1435124.66","false","1451733.03","false","1517782.426",,"1517782.426","0","false","true",
"C","A","20230101","2023","52","2023","686","SEN","Senegal","M","Import","0","W00","World","0","W00","World","H6","HS","true","6309","Textiles; worn clothing and other worn articles","4","false","C00","TOTAL CPC","0","0","TOTAL MOT","8","kg","36078956","false","8","kg","36078956","false","36078956","false","0","false","16985202.418",,"16985202.418","0","false","true",
"C","A","20230101","2023","52","2023","688","SRB","Serbia","M","Import","0","W00","World","0","W00","World","H6","HS","true","6309","Textiles; worn clothing and other worn articles","4","false","C00","TOTAL CPC","0","0","TOTAL MOT","8","kg","4942987.809","true","-1","N/A","0","false","4942987.809","true","0","false","6163762","5676858","6163762","6","false","true",
"C","A","20230101","2023","52","2023","690","SYC","Seychelles","M","Import","0","W00","World","0","W00","World","H5","HS","true","6309","Textiles; worn clothing and other worn articles","4","false","C00","TOTAL CPC","0","0","TOTAL MOT","8","kg","473.488","false","8","kg","473.488","false","473.488","false","0","false","1514.416",,"1514.416","0","false","true",
"C","A","20230101","2023","52","2023","699","IND","India","M","Import","0","W00","World","0","W00","World","H6","HS","true","6309","Textiles; worn clothing and other worn articles","4","false","C00","TOTAL CPC","0","0","TOTAL MOT","8","kg","188473051.526","true","-1","N/A","0","false","188473051.526","true","0","false","94325655.582",,"94325655.582","6","false","true",
"C","A","20230101","2023","52","2023","702","SGP","Singapore","M","Import","0","W00","World","0","W00","World","H6","HS","true","6309","Textiles; worn clothing and other worn articles","4","false","C00","TOTAL CPC","0","0","TOTAL MOT","8","kg","3319295.304","true","-1","N/A","0","false","3319295.304","true","0","false","5902536.769",,"5902536.769","6","false","true",
"C","A","20230101","2023","52","2023","703","SVK","Slovakia","M","Import","0","W00","World","0","W00","World","H6","HS","true","6309","Textiles; worn clothing and other worn articles","4","false","C00","TOTAL CPC","0","0","TOTAL MOT","8","kg","37625816.819","true","-1","N/A","0","false","37625816.819","true","0","false","32767260.563","32354225.681","32767260.563","6","false","true",
"C","A","20230101","2023","52","2023","704","VNM","Viet Nam","M","Import","0","W00","World","0","W00","World","H6","HS","true","6309","Textiles; worn clothing and other worn articles","4","false","C00","TOTAL CPC","0","0","TOTAL MOT","8","kg","310724.104","true","-1","N/A","0","false","310724.104","true","0","false","379063.395",,"379063.395","6","false","true",
"C","A","20230101","2023","52","2023","705","SVN","Slovenia","M","Import","0","W00","World","0","W00","World","H6","HS","true","6309","Textiles; worn clothing and other worn articles","4","false","C00","TOTAL CPC","0","0","TOTAL MOT","8","kg","223704.088","false","8","kg","223704.088","false","223704.088","false","0","false","800811.335",,"800811.335","0","false","true",
"C","A","20230101","2023","52","2023","710","ZAF","South Africa","M","Import","0","W00","World","0","W00","World","H6","HS","true","6309","Textiles; worn clothing and other worn articles","4","false","C00","TOTAL CPC","0","0","TOTAL MOT","8","kg","20195092.57","false","8","kg","20195092.57","false","20195092.57","false","0","false",,"7886410.858","7886410.858","0","false","true",
"C","A","20230101","2023","52","2023","716","ZWE","Zimbabwe","M","Import","0","W00","World","0","W00","World","H6","HS","true","6309","Textiles; worn clothing and other worn articles","4","false","C00","TOTAL CPC","0","0","TOTAL MOT","8","kg","14473.31","false","8","kg","14473.31","false","14473.31","false","0","false","27905.19",,"27905.19","0","false","true",
"C","A","20230101","2023","52","2023","724","ESP","Spain","M","Import","0","W00","World","0","W00","World","H6","HS","true","6309","Textiles; worn clothing and other worn articles","4","false","C00","TOTAL CPC","0","0","TOTAL MOT","8","kg","20621993.164","false","8","kg","20621993.164","false","20621993.164","false","0","false","17170500.975",,"17170500.975","0","false","true",
"C","A","20230101","2023","52","2023","740","SUR","Suriname","M","Import","0","W00","World","0","W00","World","H3","HS","true","6309","Textiles; worn clothing and other worn articles","4","false","C00","TOTAL CPC","0","0","TOTAL MOT","8","kg","91205","false","5","u","42842","false","91205","false","94325","false","81207.13",,"81207.13","0","false","true",
"C","A","20230101","2023","52","2023","748","SWZ","Eswatini","M","Import","0","W00","World","0","W00","World","H6","HS","true","6309","Textiles; worn clothing and other worn articles","4","false","C00","TOTAL CPC","0","0","TOTAL MOT","8","kg","128167.9","false","8","kg","128167.9","false","128167.9","false","0","false","204906.27",,"204906.27","0","false","true",
"C","A","20230101","2023","52","2023","752","SWE","Sweden","M","Import","0","W00","World","0","W00","World","H6","HS","true","6309","Textiles; worn clothing and other worn articles","4","false","C00","TOTAL CPC","0","0","TOTAL MOT","8","kg","13797425.801","true","-1","N/A","0","false","13797425.801","true","0","false","14081971.929",,"14081971.929","6","false","true",
"C","A","20230101","2023","52","2023","757","CHE","Switzerland","M","Import","0","W00","World","0","W00","World","H6","HS","true","6309","Textiles; worn clothing and other worn articles","4","false","C00","TOTAL CPC","0","0","TOTAL MOT","8","kg","160726.751","true","-1","N/A","0","false","160726.751","true","0","false","1780412.286",,"1780412.286","6","false","true",
"C","A","20230101","2023","52","2023","762","TJK","Tajikistan","M","Import","0","W00","World","0","W00","World","H4","HS","true","6309","Textiles; worn clothing and other worn articles","4","false","C00","TOTAL CPC","0","0","TOTAL MOT","8","kg","639120.876","true","-1","N/A","0","false","639120.876","true","0","false","912844",,"912844","6","false","true",
"C","A","20230101","2023","52","2023","764","THA","Thailand","M","Import","0","W00","World","0","W00","World","H6","HS","true","6309","Textiles; worn clothing and other worn articles","4","false","C00","TOTAL CPC","0","0","TOTAL MOT","8","kg","121451475.976","true","-1","N/A","0","false","121451475.976","true","0","false","62219044.777",,"62219044.777","6","false","true",
"C","A","20230101","2023","52","2023","768","TGO","Togo","M","Import","0","W00","World","0","W00","World","H5","HS","true","6309","Textiles; worn clothing and other worn articles","4","false","C00","TOTAL CPC","0","0","TOTAL MOT","8","kg","85208426","false","8","kg","85208426","false","85208426","false","0","false","34780430.035",,"34780430.035","0","false","true",
"C","A","20230101","2023","52","2023","776","TON","Tonga","M","Import","0","W00","World","0","W00","World","H5","HS","true","6309","Textiles; worn clothing and other worn articles","4","false","C00","TOTAL CPC","0","0","TOTAL MOT","8","kg","102732.861","true","-1","N/A","0","false","102732.861","true","0","false","125382.334",,"125382.334","6","false","true",
"C","A","20230101","2023","52","2023","780","TTO","Trinidad and Tobago","M","Import","0","W00","World","0","W00","World","H4","HS","true","6309","Textiles; worn clothing and other worn articles","4","false","C00","TOTAL CPC","0","0","TOTAL MOT","8","kg","55837.219","true","-1","N/A","0","false","55837.219","true","0","false","279568.541",,"279568.541","6","false","true",
"C","A","20230101","2023","52","2023","784","ARE","United Arab Emirates","M","Import","0","W00","World","0","W00","World","H6","HS","true","6309","Textiles; worn clothing and other worn articles","4","false","C00","TOTAL CPC","0","0","TOTAL MOT","8","kg","473362522.05","false","8","kg","473362522.05","false","473362522.05","false","0","false","237208053.131",,"237208053.131","0","false","true",
"C","A","20230101","2023","52","2023","788","TUN","Tunisia","M","Import","0","W00","World","0","W00","World","H6","HS","true","6309","Textiles; worn clothing and other worn articles","4","false","C00","TOTAL CPC","0","0","TOTAL MOT","8","kg","140594915","false","8","kg","140594915","false","140594915","false","0","false","72000069.706",,"72000069.706","0","false","true",
"C","A","20230101","2023","52","2023","792","TUR","Türkiye","M","Import","0","W00","World","0","W00","World","H6","HS","true","6309","Textiles; worn clothing and other worn articles","4","false","C00","TOTAL CPC","0","0","TOTAL MOT","8","kg","65145721","false","8","kg","65145721","false","65145721","false","0","false","47775622","42865147.7","47775622","0","false","true",
"C","A","20230101","2023","52","2023","800","UGA","Uganda","M","Import","0","W00","World","0","W00","World","H6","HS","true","6309","Textiles; worn clothing and other worn articles","4","false","C00","TOTAL CPC","0","0","TOTAL MOT","8","kg","101641501.4","false","8","kg","101641501.4","false","101641501.4","false","0","false","116741504.98",,"116741504.98","0","false","true",
"C","A","20230101","2023","52","2023","804","UKR","Ukraine","M","Import","0","W00","World","0","W00","World","H6","HS","true","6309","Textiles; worn clothing and other worn articles","4","false","C00","TOTAL CPC","0","0","TOTAL MOT","8","kg","109171344.32","false","8","kg","109171344.32","false","109171344.32","false","0","false","170387517.79",,"170387517.79","0","false","true",
"C","A","20230101","2023","52","2023","807","MKD","North Macedonia","M","Import","0","W00","World","0","W00","World","H6","HS","true","6309","Textiles; worn clothing and other worn articles","4","false","C00","TOTAL CPC","0","0","TOTAL MOT","8","kg","1737777","false","8","kg","1737777","false","1737777","false","0","false","850369.301",,"850369.301","0","false","true",
"C","A","20230101","2023","52","2023","818","EGY","Egypt","M","Import","0","W00","World","0","W00","World","H6","HS","true","6309","Textiles; worn clothing and other worn articles","4","false","C00","TOTAL CPC","0","0","TOTAL MOT","8","kg","14888846.251","true","-1","N/A","0","false","14888846.251","true","0","false","18163433.491",,"18163433.491","6","false","true",
"C","A","20230101","2023","52","2023","826","GBR","United Kingdom","M","Import","0","W00","World","0","W00","World","H6","HS","true","6309","Textiles; worn clothing and other worn articles","4","false","C00","TOTAL CPC","0","0","TOTAL MOT","-1","N/A","0","false","-1","N/A","0","false",,"false","0","false","84255200.027",,"84255200.027","0","false","true",
"C","A","20230101","2023","52","2023","834","TZA","United Rep. of Tanzania","M","Import","0","W00","World","0","W00","World","H6","HS","true","6309","Textiles; worn clothing and other worn articles","4","false","C00","TOTAL CPC","0","0","TOTAL MOT","8","kg","74160816.3","false","8","kg","74160816.3","false","88528490.78","false","0","false","102038879.18","92733289.34","102038879.18","0","false","true",
"C","A","20230101","2023","52","2023","842","USA","USA","M","Import","0","W00","World","0","W00","World","H6","HS","true","6309","Textiles; worn clothing and other worn articles","4","false","C00","TOTAL CPC","0","0","TOTAL MOT","8","kg","14717906.569","true","-1","N/A","0","false","14717906.569","true","0","false","26141702","24173217","26141702","6","false","true",
"C","A","20230101","2023","52","2023","854","BFA","Burkina Faso","M","Import","0","W00","World","0","W00","World","H6","HS","true","6309","Textiles; worn clothing and other worn articles","4","false","C00","TOTAL CPC","0","0","TOTAL MOT","8","kg","12720520","false","8","kg","12720520","false","12720520","false","0","false","5949419.554",,"5949419.554","0","false","true",
"C","A","20230101","2023","52","2023","858","URY","Uruguay","M","Import","0","W00","World","0","W00","World","H6","HS","true","6309","Textiles; worn clothing and other worn articles","4","false","C00","TOTAL CPC","0","0","TOTAL MOT","-1","N/A","0","false","-1","N/A","0","false",,"false","0","false","49515.17","43836.64","49515.17","0","false","true",
"C","A","20230101","2023","52","2023","860","UZB","Uzbekistan","M","Import","0","W00","World","0","W00","World","H6","HS","true","6309","Textiles; worn clothing and other worn articles","4","false","C00","TOTAL CPC","0","0","TOTAL MOT","8","kg","750","false","21","1000 KG","0.75","false","750","false","0","false","169",,"169","0","false","true",
"C","A","20230101","2023","52","2023","882","WSM","Samoa","M","Import","0","W00","World","0","W00","World","H5","HS","true","6309","Textiles; worn clothing and other worn articles","4","false","C00","TOTAL CPC","0","0","TOTAL MOT","8","kg","305905.5","false","8","kg","305905.5","false","305905.5","false","0","false","611303.917",,"611303.917","0","false","true",
"C","A","20230101","2023","52","2023","887","YEM","Yemen","M","Import","0","W00","World","0","W00","World","H4","HS","true","6309","Textiles; worn clothing and other worn articles","4","false","C00","TOTAL CPC","0","0","TOTAL MOT","8","kg","1781846.6","false","8","kg","1781846.6","false","1781846.6","false","0","false","569588.047",,"569588.047","0","false","true",
"C","A","20230101","2023","52","2023","894","ZMB","Zambia","M","Import","0","W00","World","0","W00","World","H6","HS","true","6309","Textiles; worn clothing and other worn articles","4","false","C00","TOTAL CPC","0","0","TOTAL MOT","8","kg","32740501.82","false","8","kg","32740501.82","false","32740501.82","false","0","false","52346056.398","11378433.239","52346056.398","0","false","true",
"C","A","20240101","2024","52","2024","8","ALB","Albania","M","Import","0","W00","World","0","W00","World","H6","HS","true","6309","Textiles; worn clothing and other worn articles","4","false","C00","TOTAL CPC","0","0","TOTAL MOT","8","kg","17127899.8","false","8","kg","17127899.8","false","17127899.8","false","0","false","8007725.507",,"8007725.507","0","false","true",
"C","A","20240101","2024","52","2024","20","AND","Andorra","M","Import","0","W00","World","0","W00","World","H6","HS","true","6309","Textiles; worn clothing and other worn articles","4","false","C00","TOTAL CPC","0","0","TOTAL MOT","8","kg","330850","false","8","kg","330850","false","330850","false","0","false","429312.175",,"429312.175","0","false","true",
"C","A","20240101","2024","52","2024","24","AGO","Angola","M","Import","0","W00","World","0","W00","World","H6","HS","true","6309","Textiles; worn clothing and other worn articles","4","false","C00","TOTAL CPC","0","0","TOTAL MOT","-1","N/A","0","false","-1","N/A","0","false",,"false","0","false","34118145.83","28483108.44","34118145.83","0","false","true",
"C","A","20240101","2024","52","2024","28","ATG","Antigua and Barbuda","M","Import","0","W00","World","0","W00","World","H3","HS","true","6309","Textiles; worn clothing and other worn articles","4","false","C00","TOTAL CPC","0","0","TOTAL MOT","8","kg","27923.218","false","5","u","16801","false","27923.218","false","0","false","56426.407",,"56426.407","0","false","true",
"C","A","20240101","2024","52","2024","31","AZE","Azerbaijan","M","Import","0","W00","World","0","W00","World","H6","HS","true","6309","Textiles; worn clothing and other worn articles","4","false","C00","TOTAL CPC","0","0","TOTAL MOT","8","kg","981813.69","false","8","kg","981813.69","false","981813.69","false","0","false","3724291.48",,"3724291.48","0","false","true",
"C","A","20240101","2024","52","2024","32","ARG","Argentina","M","Import","0","W00","World","0","W00","World","H6","HS","true","6309","Textiles; worn clothing and other worn articles","4","false","C00","TOTAL CPC","0","0","TOTAL MOT","8","kg","24215.77","false","8","kg","24215.77","false","24215.77","false","0","false","58761.17","52472.9","58761.17","0","false","true",
"C","A","20240101","2024","52","2024","36","AUS","Australia","M","Import","0","W00","World","0","W00","World","H6","HS","true","6309","Textiles; worn clothing and other worn articles","4","false","C00","TOTAL CPC","0","0","TOTAL MOT","8","kg","2722565.586","true","-1","N/A","0","false",,"false","0","false","4002444.375","3648605.335","4002444.375","2","false","true",
"C","A","20240101","2024","52","2024","40","AUT","Austria","M","Import","0","W00","World","0","W00","World","H6","HS","true","6309","Textiles; worn clothing and other worn articles","4","false","C00","TOTAL CPC","0","0","TOTAL MOT","8","kg","2182174.069","true","-1","N/A","0","false","2182174.069","true","0","false","7402446.508",,"7402446.508","6","false","true",
"C","A","20240101","2024","52","2024","44","BHS","Bahamas","M","Import","0","W00","World","0","W00","World","H6","HS","true","6309","Textiles; worn clothing and other worn articles","4","false","C00","TOTAL CPC","0","0","TOTAL MOT","8","kg","276319.268","true","-1","N/A","0","false","276319.268","true","0","false","1069281",,"1069281","6","false","true",
"C","A","20240101","2024","52","2024","48","BHR","Bahrain","M","Import","0","W00","World","0","W00","World","H6","HS","true","6309","Textiles; worn clothing and other worn articles","4","false","C00","TOTAL CPC","0","0","TOTAL MOT","8","kg","47504.9","false","5","u","5655","false","47504.9","false","0","false","64528.51",,"64528.51","0","false","true",
"C","A","20240101","2024","52","2024","51","ARM","Armenia","M","Import","0","W00","World","0","W00","World","H6","HS","true","6309","Textiles; worn clothing and other worn articles","4","false","C00","TOTAL CPC","0","0","TOTAL MOT","8","kg","782337.32","false","8","kg","782337.32","false","782337.32","false","0","false","1741591.45",,"1741591.45","0","false","true",
"C","A","20240101","2024","52","2024","52","BRB","Barbados","M","Import","0","W00","World","0","W00","World","H6","HS","true","6309","Textiles; worn clothing and other worn articles","4","false","C00","TOTAL CPC","0","0","TOTAL MOT","8","kg","670","false","8","kg","670","false","670","false","0","false","1641",,"1641","0","false","true",
"C","A","20240101","2024","52","2024","56","BEL","Belgium","M","Import","0","W00","World","0","W00","World","H6","HS","true","6309","Textiles; worn clothing and other worn articles","4","false","C00","TOTAL CPC","0","0","TOTAL MOT","8","kg","43189730.91","false","8","kg","43189730.91","false","43189730.91","false","0","false","36976939.314",,"36976939.314","0","false","true",
"C","A","20240101","2024","52","2024","60","BMU","Bermuda","M","Import","0","W00","World","0","W00","World","H6","HS","true","6309","Textiles; worn clothing and other worn articles","4","false","C00","TOTAL CPC","0","0","TOTAL MOT","8","kg","9792","false","8","kg","9792","false","9792","false","0","false",,"157683.32","157683.32","0","false","true",
"C","A","20240101","2024","52","2024","70","BIH","Bosnia Herzegovina","M","Import","0","W00","World","0","W00","World","H6","HS","true","6309","Textiles; worn clothing and other worn articles","4","false","C00","TOTAL CPC","0","0","TOTAL MOT","8","kg","6849014.7","false","8","kg","6849014.7","false","6849014.7","false","0","false","9057262.84",,"9057262.84","0","false","true",
"C","A","20240101","2024","52","2024","76","BRA","Brazil","M","Import","0","W00","World","0","W00","World","H6","HS","true","6309","Textiles; worn clothing and other worn articles","4","false","C00","TOTAL CPC","0","0","TOTAL MOT","8","kg","185410","false","8","kg","185410","false","185410","false","0","false","74894","48623","74894","0","false","true",
"C","A","20240101","2024","52","2024","84","BLZ","Belize","M","Import","0","W00","World","0","W00","World","H6","HS","true","6309","Textiles; worn clothing and other worn articles","4","false","C00","TOTAL CPC","0","0","TOTAL MOT","8","kg","4968527.034","true","-1","N/A","0","false","4968527.034","true","0","false","6818001.2",,"6818001.2","6","false","true",
"C","A","20240101","2024","52","2024","96","BRN","Brunei Darussalam","M","Import","0","W00","World","0","W00","World","H6","HS","true","6309","Textiles; worn clothing and other worn articles","4","false","C00","TOTAL CPC","0","0","TOTAL MOT","8","kg","1861","false","8","kg","1861","false","1861","false","0","false","24523.318",,"24523.318","0","false","true",
"C","A","20240101","2024","52","2024","100","BGR","Bulgaria","M","Import","0","W00","World","0","W00","World","H6","HS","true","6309","Textiles; worn clothing and other worn articles","4","false","C00","TOTAL CPC","0","0","TOTAL MOT","8","kg","46423298.35","true","-1","N/A","0","false","46423298.35","true","0","false","50222877.733",,"50222877.733","6","false","true",
"C","A","20240101","2024","52","2024","104","MMR","Myanmar","M","Import","0","W00","World","0","W00","World","H6","HS","true","6309","Textiles; worn clothing and other worn articles","4","false","C00","TOTAL CPC","0","0","TOTAL MOT","8","kg","10965.39","false","8","kg","10965.39","false","10965.39","false","0","false","8618.973",,"8618.973","0","false","true",
"C","A","20240101","2024","52","2024","116","KHM","Cambodia","M","Import","0","W00","World","0","W00","World","H6","HS","true","6309","Textiles; worn clothing and other worn articles","4","false","C00","TOTAL CPC","0","0","TOTAL MOT","8","kg","63829160.94","false","8","kg","63829160.94","false","63829160.94","false","0","false","52435460.37",,"52435460.37","0","false","true",
"C","A","20240101","2024","52","2024","124","CAN","Canada","M","Import","0","W00","World","0","W00","World","H6","HS","true","6309","Textiles; worn clothing and other worn articles","4","false","C00","TOTAL CPC","0","0","TOTAL MOT","8","kg","82417007.073","true","-1","N/A","0","false","82417007.073","true","0","false",,"41098855.172","41098855.172","6","false","true",
"C","A","20240101","2024","52","2024","132","CPV","Cabo Verde","M","Import","0","W00","World","0","W00","World","H5","HS","true","6309","Textiles; worn clothing and other worn articles","4","false","C00","TOTAL CPC","0","0","TOTAL MOT","8","kg","4906881","false","8","kg","4906881","false","4906881","false","0","false","8027703.254",,"8027703.254","0","false","true",
"C","A","20240101","2024","52","2024","136","CYM","Cayman Isds","M","Import","0","W00","World","0","W00","World","H5","HS","true","6309","Textiles; worn clothing and other worn articles","4","false","C00","TOTAL CPC","0","0","TOTAL MOT","8","kg","58463.241","true","-1","N/A","0","false","58463.241","true","0","false","85946.826",,"85946.826","6","false","true",
"C","A","20240101","2024","52","2024","140","CAF","Central African Rep.","M","Import","0","W00","World","0","W00","World","H6","HS","true","6309","Textiles; worn clothing and other worn articles","4","false","C00","TOTAL CPC","0","0","TOTAL MOT","8","kg","7320566","false","8","kg","7320566","false","7320566","false","0","false","5674481.98",,"5674481.98","0","false","true",
"C","A","20240101","2024","52","2024","144","LKA","Sri Lanka","M","Import","0","W00","World","0","W00","World","H6","HS","true","6309","Textiles; worn clothing and other worn articles","4","false","C00","TOTAL CPC","0","0","TOTAL MOT","8","kg","536253","false","8","kg","536253","false","536253","false","0","false","118379.885",,"118379.885","0","false","true",
"C","A","20240101","2024","52","2024","152","CHL","Chile","M","Import","0","W00","World","0","W00","World","H6","HS","true","6309","Textiles; worn clothing and other worn articles","4","false","C00","TOTAL CPC","0","0","TOTAL MOT","8","kg","130660838.731","false","8","kg","130660838.731","false","130660838.731","false","0","false","168344265.821","153004839.746","168344265.821","0","false","true",
"C","A","20240101","2024","52","2024","180","COD","Dem. Rep. of the Congo","M","Import","0","W00","World","0","W00","World","H6","HS","true","6309","Textiles; worn clothing and other worn articles","4","false","C00","TOTAL CPC","0","0","TOTAL MOT","8","kg","90340028","false","8","kg","90340028","false","90340028","false","0","false","106132004.453",,"106132004.453","0","false","true",
"C","A","20240101","2024","52","2024","188","CRI","Costa Rica","M","Import","0","W00","World","0","W00","World","H6","HS","true","6309","Textiles; worn clothing and other worn articles","4","false","C00","TOTAL CPC","0","0","TOTAL MOT","8","kg","12281838.36","false","8","kg","12281838.36","false","12281838.36","false","0","false","8451831",,"8451831","0","false","true",
"C","A","20240101","2024","52","2024","191","HRV","Croatia","M","Import","0","W00","World","0","W00","World","H6","HS","true","6309","Textiles; worn clothing and other worn articles","4","false","C00","TOTAL CPC","0","0","TOTAL MOT","8","kg","1145546.009","false","8","kg","1145546.009","false","1145546.009","false","0","false","3002600",,"3002600","0","false","true",
"C","A","20240101","2024","52","2024","196","CYP","Cyprus","M","Import","0","W00","World","0","W00","World","H6","HS","true","6309","Textiles; worn clothing and other worn articles","4","false","C00","TOTAL CPC","0","0","TOTAL MOT","8","kg","81599","false","8","kg","81599","false","81599","false","0","false","430449.72",,"430449.72","0","false","true",
"C","A","20240101","2024","52","2024","203","CZE","Czechia","M","Import","0","W00","World","0","W00","World","H6","HS","true","6309","Textiles; worn clothing and other worn articles","4","false","C00","TOTAL CPC","0","0","TOTAL MOT","8","kg","24610379.069","true","-1","N/A","0","false","24610379.069","true","0","false","16634761","16485279","16634761","6","false","true",
"C","A","20240101","2024","52","2024","204","BEN","Benin","M","Import","0","W00","World","0","W00","World","H6","HS","true","6309","Textiles; worn clothing and other worn articles","4","false","C00","TOTAL CPC","0","0","TOTAL MOT","8","kg","121587709.3","false","8","kg","121587709.3","false","121587709.3","false","0","false","45316597.197",,"45316597.197","0","false","true",
"C","A","20240101","2024","52","2024","208","DNK","Denmark","M","Import","0","W00","World","0","W00","World","H6","HS","true","6309","Textiles; worn clothing and other worn articles","4","false","C00","TOTAL CPC","0","0","TOTAL MOT","8","kg","558445","false","8","kg","558445","false","558445","false","0","false","6305398.766",,"6305398.766","0","false","true",
"C","A","20240101","2024","52","2024","214","DOM","Dominican Rep.","M","Import","0","W00","World","0","W00","World","H6","HS","true","6309","Textiles; worn clothing and other worn articles","4","false","C00","TOTAL CPC","0","0","TOTAL MOT","8","kg","238915.584","false","-1","N/A","0","false","368256.041","false","0","false","2484806.307","1996297.66","2484806.307","0","false","true",
"C","A","20240101","2024","52","2024","222","SLV","El Salvador","M","Import","0","W00","World","0","W00","World","H6","HS","true","6309","Textiles; worn clothing and other worn articles","4","false","C00","TOTAL CPC","0","0","TOTAL MOT","8","kg","30946482.88","false","8","kg","30946482.88","false","30946482.88","false","0","false","60876278.17",,"60876278.17","0","false","true",
"C","A","20240101","2024","52","2024","233","EST","Estonia","M","Import","0","W00","World","0","W00","World","H6","HS","true","6309","Textiles; worn clothing and other worn articles","4","false","C00","TOTAL CPC","0","0","TOTAL MOT","-1","N/A","0","false","-1","N/A","0","false",,"false","0","false","9753145.89",,"9753145.89","0","false","true",
"C","A","20240101","2024","52","2024","242","FJI","Fiji","M","Import","0","W00","World","0","W00","World","H6","HS","true","6309","Textiles; worn clothing and other worn articles","4","false","C00","TOTAL CPC","0","0","TOTAL MOT","8","kg","3690462.56","false","8","kg","3690462.56","false","3690462.56","false","0","false","7109294.579",,"7109294.579","0","false","true",
"C","A","20240101","2024","52","2024","246","FIN","Finland","M","Import","0","W00","World","0","W00","World","H6","HS","true","6309","Textiles; worn clothing and other worn articles","4","false","C00","TOTAL CPC","0","0","TOTAL MOT","8","kg","540853.432","true","-1","N/A","0","false","540853.432","true","0","false","999257.792",,"999257.792","6","false","true",
"C","A","20240101","2024","52","2024","251","FRA","France","M","Import","0","W00","World","0","W00","World","H6","HS","true","6309","Textiles; worn clothing and other worn articles","4","false","C00","TOTAL CPC","0","0","TOTAL MOT","-1","N/A","0","false","-1","N/A","0","false",,"false","0","false","21187506.585",,"21187506.585","0","false","true",
"C","A","20240101","2024","52","2024","258","PYF","French Polynesia","M","Import","0","W00","World","0","W00","World","H5","HS","true","6309","Textiles; worn clothing and other worn articles","4","false","C00","TOTAL CPC","0","0","TOTAL MOT","8","kg","710.231","false","8","kg","710.231","false","710.231","false","0","false","3616.809",,"3616.809","0","false","true",
"C","A","20240101","2024","52","2024","268","GEO","Georgia","M","Import","0","W00","World","0","W00","World","H6","HS","true","6309","Textiles; worn clothing and other worn articles","4","false","C00","TOTAL CPC","0","0","TOTAL MOT","8","kg","11692743.92","false","8","kg","11692743.92","false","11692743.92","false","0","false","40707047.112",,"40707047.112","0","false","true",
"C","A","20240101","2024","52","2024","270","GMB","Gambia","M","Import","0","W00","World","0","W00","World","H6","HS","true","6309","Textiles; worn clothing and other worn articles","4","false","C00","TOTAL CPC","0","0","TOTAL MOT","8","kg","3905466.9","false","8","kg","3905466.9","false","3905466.9","false","0","false","1078673.196",,"1078673.196","0","false","true",
"C","A","20240101","2024","52","2024","276","DEU","Germany","M","Import","0","W00","World","0","W00","World","H6","HS","true","6309","Textiles; worn clothing and other worn articles","4","false","C00","TOTAL CPC","0","0","TOTAL MOT","8","kg","40395761.559","true","-1","N/A","0","false","40395761.559","true","0","false","38443997.892",,"38443997.892","6","false","true",
"C","A","20240101","2024","52","2024","288","GHA","Ghana","M","Import","0","W00","World","0","W00","World","H6","HS","true","6309","Textiles; worn clothing and other worn articles","4","false","C00","TOTAL CPC","0","0","TOTAL MOT","-1","N/A","0","false","-1","N/A","0","false",,"false","0","false","98351618.362",,"98351618.362","0","false","true",
"C","A","20240101","2024","52","2024","300","GRC","Greece","M","Import","0","W00","World","0","W00","World","H6","HS","true","6309","Textiles; worn clothing and other worn articles","4","false","C00","TOTAL CPC","0","0","TOTAL MOT","8","kg","1359246.989","true","-1","N/A","0","false","1359246.989","true","0","false","3822697.19",,"3822697.19","6","false","true",
"C","A","20240101","2024","52","2024","308","GRD","Grenada","M","Import","0","W00","World","0","W00","World","H4","HS","true","6309","Textiles; worn clothing and other worn articles","4","false","C00","TOTAL CPC","0","0","TOTAL MOT","8","kg","30330.023","true","-1","N/A","0","false","30330.023","true","0","false","67286.263",,"67286.263","6","false","true",
"C","A","20240101","2024","52","2024","320","GTM","Guatemala","M","Import","0","W00","World","0","W00","World","H6","HS","true","6309","Textiles; worn clothing and other worn articles","4","false","C00","TOTAL CPC","0","0","TOTAL MOT","8","kg","131251858","false","8","kg","131251858","false","131251858","false","0","false","209938797",,"209938797","0","false","true",
"C","A","20240101","2024","52","2024","328","GUY","Guyana","M","Import","0","W00","World","0","W00","World","H5","HS","true","6309","Textiles; worn clothing and other worn articles","4","false","C00","TOTAL CPC","0","0","TOTAL MOT","8","kg","1165564.65","false","5","u","1114604.21","false","1165564.65","false","0","false","2127581.952","1941813.947","2127581.952","0","false","true",
"C","A","20240101","2024","52","2024","340","HND","Honduras","M","Import","0","W00","World","0","W00","World","H6","HS","true","6309","Textiles; worn clothing and other worn articles","4","false","C00","TOTAL CPC","0","0","TOTAL MOT","8","kg","56777288.37","false","8","kg","56777288.37","false","56777288.37","false","0","false","98255103.15",,"98255103.15","0","false","true",
"C","A","20240101","2024","52","2024","344","HKG","China, Hong Kong SAR","M","Import","0","W00","World","0","W00","World","H6","HS","true","6309","Textiles; worn clothing and other worn articles","4","false","C00","TOTAL CPC","0","0","TOTAL MOT","8","kg","32671417","false","8","kg","32671417","false","32671417","false","0","false","13655530.364",,"13655530.364","0","false","true",
"C","A","20240101","2024","52","2024","348","HUN","Hungary","M","Import","0","W00","World","0","W00","World","H6","HS","true","6309","Textiles; worn clothing and other worn articles","4","false","C00","TOTAL CPC","0","0","TOTAL MOT","-1","N/A","0","false","8","kg","54566255.216","false","64459384.4","false","0","false","43257970.332",,"43257970.332","0","false","true",
"C","A","20240101","2024","52","2024","352","ISL","Iceland","M","Import","0","W00","World","0","W00","World","H6","HS","true","6309","Textiles; worn clothing and other worn articles","4","false","C00","TOTAL CPC","0","0","TOTAL MOT","8","kg","37636.883","true","-1","N/A","0","false","37636.883","true","0","false","609134.464","541634.012","609134.464","6","false","true",
"C","A","20240101","2024","52","2024","360","IDN","Indonesia","M","Import","0","W00","World","0","W00","World","H6","HS","true","6309","Textiles; worn clothing and other worn articles","4","false","C00","TOTAL CPC","0","0","TOTAL MOT","8","kg","3865398","false","8","kg","3865398","false","3865398","false","0","false","1500283",,"1500283","0","false","true",
"C","A","20240101","2024","52","2024","368","IRQ","Iraq","M","Import","0","W00","World","0","W00","World","H5","HS","true","6309","Textiles; worn clothing and other worn articles","4","false","C00","TOTAL CPC","0","0","TOTAL MOT","8","kg","29894146.176","true","-1","N/A","0","false","12651832","false","0","false","37602215",,"37602215","2","false","true",
"C","A","20240101","2024","52","2024","372","IRL","Ireland","M","Import","0","W00","World","0","W00","World","H6","HS","true","6309","Textiles; worn clothing and other worn articles","4","false","C00","TOTAL CPC","0","0","TOTAL MOT","8","kg","260608.026","true","-1","N/A","0","false","260608.026","true","0","false","2198429.447",,"2198429.447","6","false","true",
"C","A","20240101","2024","52","2024","376","ISR","Israel","M","Import","0","W00","World","0","W00","World","H6","HS","true","6309","Textiles; worn clothing and other worn articles","4","false","C00","TOTAL CPC","0","0","TOTAL MOT","-1","N/A","0","false","-1","N/A","0","false",,"false","0","false","2480000",,"2480000","0","false","true",
"C","A","20240101","2024","52","2024","380","ITA","Italy","M","Import","0","W00","World","0","W00","World","H6","HS","true","6309","Textiles; worn clothing and other worn articles","4","false","C00","TOTAL CPC","0","0","TOTAL MOT","8","kg","50108622","false","8","kg","50108622","false","50108622","false","0","false","45379347.388",,"45379347.388","0","false","true",
"C","A","20240101","2024","52","2024","384","CIV","Côte d'Ivoire","M","Import","0","W00","World","0","W00","World","H6","HS","true","6309","Textiles; worn clothing and other worn articles","4","false","C00","TOTAL CPC","0","0","TOTAL MOT","8","kg","25689134","false","8","kg","25689134","false","25689134","false","0","false","31794825.614",,"31794825.614","0","false","true",
"C","A","20240101","2024","52","2024","388","JAM","Jamaica","M","Import","0","W00","World","0","W00","World","H6","HS","true","6309","Textiles; worn clothing and other worn articles","4","false","C00","TOTAL CPC","0","0","TOTAL MOT","8","kg","1925566.83","false","8","kg","1925566.83","false","1925566.83","false","0","false","3064112.72",,"3064112.72","0","false","true",
"C","A","20240101","2024","52","2024","392","JPN","Japan","M","Import","0","W00","World","0","W00","World","H6","HS","true","6309","Textiles; worn clothing and other worn articles","4","false","C00","TOTAL CPC","0","0","TOTAL MOT","8","kg","9739367.835","true","-1","N/A","0","false","9739367.835","true","0","false","84906332.007",,"84906332.007","6","false","true",
"C","A","20240101","2024","52","2024","398","KAZ","Kazakhstan","M","Import","0","W00","World","0","W00","World","H6","HS","true","6309","Textiles; worn clothing and other worn articles","4","false","C00","TOTAL CPC","0","0","TOTAL MOT","8","kg","1748014.7","false","8","kg","1748014.7","false","1748014.7","false","0","false","3012615.63",,"3012615.63","0","false","true",
"C","A","20240101","2024","52","2024","400","JOR","Jordan","M","Import","0","W00","World","0","W00","World","H6","HS","true","6309","Textiles; worn clothing and other worn articles","4","false","C00","TOTAL CPC","0","0","TOTAL MOT","8","kg","24834644.7","false","8","kg","24834644.7","false","24834644.7","false","0","false","26400645.752",,"26400645.752","0","false","true",
"C","A","20240101","2024","52","2024","404","KEN","Kenya","M","Import","0","W00","World","0","W00","World","H6","HS","true","6309","Textiles; worn clothing and other worn articles","4","false","C00","TOTAL CPC","0","0","TOTAL MOT","8","kg","230265753.825","false","8","kg","230265753.825","false","230265753.825","false","0","false","207104667.062",,"207104667.062","0","false","true",
"C","A","20240101","2024","52","2024","410","KOR","Rep. of Korea","M","Import","0","W00","World","0","W00","World","H6","HS","true","6309","Textiles; worn clothing and other worn articles","4","false","C00","TOTAL CPC","0","0","TOTAL MOT","8","kg","49030447.877","false","8","kg","49030447.877","false","49030447.877","false","0","false","41298006",,"41298006","0","false","true",
"C","A","20240101","2024","52","2024","414","KWT","Kuwait","M","Import","0","W00","World","0","W00","World","H6","HS","true","6309","Textiles; worn clothing and other worn articles","4","false","C00","TOTAL CPC","0","0","TOTAL MOT","8","kg","256924.256","true","-1","N/A","0","false","256924.256","true","0","false","323171",,"323171","6","false","true",
"C","A","20240101","2024","52","2024","417","KGZ","Kyrgyzstan","M","Import","0","W00","World","0","W00","World","H6","HS","true","6309","Textiles; worn clothing and other worn articles","4","false","C00","TOTAL CPC","0","0","TOTAL MOT","8","kg","3941758","false","8","kg","3941758","false","3941758","false","0","false","2571948",,"2571948","0","false","true",
"C","A","20240101","2024","52","2024","422","LBN","Lebanon","M","Import","0","W00","World","0","W00","World","H5","HS","true","6309","Textiles; worn clothing and other worn articles","4","false","C00","TOTAL CPC","0","0","TOTAL MOT","-1","N/A","0","false","-1","N/A","0","false",,"false","0","false","17104677",,"17104677","0","false","true",
"C","A","20240101","2024","52","2024","426","LSO","Lesotho","M","Import","0","W00","World","0","W00","World","H6","HS","true","6309","Textiles; worn clothing and other worn articles","4","false","C00","TOTAL CPC","0","0","TOTAL MOT","8","kg","1911895.62","false","8","kg","1911895.62","false","1911895.62","false","0","false","1295558.74",,"1295558.74","0","false","true",
"C","A","20240101","2024","52","2024","428","LVA","Latvia","M","Import","0","W00","World","0","W00","World","H6","HS","true","6309","Textiles; worn clothing and other worn articles","4","false","C00","TOTAL CPC","0","0","TOTAL MOT","8","kg","11589192.491","true","-1","N/A","0","false","11589192.491","true","0","false","19274072.046",,"19274072.046","6","false","true",
"C","A","20240101","2024","52","2024","440","LTU","Lithuania","M","Import","0","W00","World","0","W00","World","H6","HS","true","6309","Textiles; worn clothing and other worn articles","4","false","C00","TOTAL CPC","0","0","TOTAL MOT","8","kg","53391420.275","false","8","kg","53391420.275","false","53391420.275","false","0","false","55267440",,"55267440","0","false","true",
"C","A","20240101","2024","52","2024","442","LUX","Luxembourg","M","Import","0","W00","World","0","W00","World","H6","HS","true","6309","Textiles; worn clothing and other worn articles","4","false","C00","TOTAL CPC","0","0","TOTAL MOT","8","kg","1939344.119","true","-1","N/A","0","false","1939344.119","true","0","false","634853.157","632081.365","634853.157","6","false","true",
"C","A","20240101","2024","52","2024","450","MDG","Madagascar","M","Import","0","W00","World","0","W00","World","H6","HS","true","6309","Textiles; worn clothing and other worn articles","4","false","C00","TOTAL CPC","0","0","TOTAL MOT","8","kg","61376961.92","false","8","kg","61376961.92","false","61376961.92","false","0","false","87170861.762",,"87170861.762","0","false","true",
"C","A","20240101","2024","52","2024","454","MWI","Malawi","M","Import","0","W00","World","0","W00","World","H6","HS","true","6309","Textiles; worn clothing and other worn articles","4","false","C00","TOTAL CPC","0","0","TOTAL MOT","8","kg","38915574.3","false","5","u","8498400","false","38915574.3","false","0","false","78423405.715",,"78423405.715","0","false","true",
"C","A","20240101","2024","52","2024","458","MYS","Malaysia","M","Import","0","W00","World","0","W00","World","H6","HS","true","6309","Textiles; worn clothing and other worn articles","4","false","C00","TOTAL CPC","0","0","TOTAL MOT","8","kg","226969352.499","true","-1","N/A","0","false","226969352.499","true","0","false","123372872.411",,"123372872.411","6","false","true",
"C","A","20240101","2024","52","2024","462","MDV","Maldives","M","Import","0","W00","World","0","W00","World","H6","HS","true","6309","Textiles; worn clothing and other worn articles","4","false","C00","TOTAL CPC","0","0","TOTAL MOT","8","kg","5.848","true","-1","N/A","0","false","5.848","true","0","false","8.598","7.819","8.598","6","false","true",
"C","A","20240101","2024","52","2024","470","MLT","Malta","M","Import","0","W00","World","0","W00","World","H6","HS","true","6309","Textiles; worn clothing and other worn articles","4","false","C00","TOTAL CPC","0","0","TOTAL MOT","8","kg","14389","false","8","kg","14389","false","14389","false","0","false","234818.111",,"234818.111","0","false","true",
"C","A","20240101","2024","52","2024","478","MRT","Mauritania","M","Import","0","W00","World","0","W00","World","H6","HS","true","6309","Textiles; worn clothing and other worn articles","4","false","C00","TOTAL CPC","0","0","TOTAL MOT","8","kg","8313951","false","8","kg","8313951","false","8313951","false","0","false","4037201.614",,"4037201.614","0","false","true",
"C","A","20240101","2024","52","2024","480","MUS","Mauritius","M","Import","0","W00","World","0","W00","World","H6","HS","true","6309","Textiles; worn clothing and other worn articles","4","false","C00","TOTAL CPC","0","0","TOTAL MOT","8","kg","9563","false","8","kg","9563","false","10601","false","0","false","17954.625",,"17954.625","0","false","true",
"C","A","20240101","2024","52","2024","490","S19","Other Asia, nes","M","Import","0","W00","World","0","W00","World","H6","HS","true","6309","Textiles; worn clothing and other worn articles","4","false","C00","TOTAL CPC","0","0","TOTAL MOT","8","kg","719258","false","8","kg","719258","false","719258","false","0","false","1420908.825",,"1420908.825","0","false","true",
"C","A","20240101","2024","52","2024","498","MDA","Rep. of Moldova","M","Import","0","W00","World","0","W00","World","H6","HS","true","6309","Textiles; worn clothing and other worn articles","4","false","C00","TOTAL CPC","0","0","TOTAL MOT","8","kg","3214328","false","8","kg","3214328","false","3214328","false","0","false","6093495",,"6093495","0","false","true",
"C","A","20240101","2024","52","2024","499","MNE","Montenegro","M","Import","0","W00","World","0","W00","World","H6","HS","true","6309","Textiles; worn clothing and other worn articles","4","false","C00","TOTAL CPC","0","0","TOTAL MOT","8","kg","330000.87","false","8","kg","330000.87","false","330000.87","false","0","false","1038240.582",,"1038240.582","0","false","true",
"C","A","20240101","2024","52","2024","500","MSR","Montserrat","M","Import","0","W00","World","0","W00","World","H5","HS","true","6309","Textiles; worn clothing and other worn articles","4","false","C00","TOTAL CPC","0","0","TOTAL MOT","8","kg","2443.38","false","8","kg","2443.38","false","2443.38","false","0","false","3733.804",,"3733.804","0","false","true",
"C","A","20240101","2024","52","2024","504","MAR","Morocco","M","Import","0","W00","World","0","W00","World","H6","HS","true","6309","Textiles; worn clothing and other worn articles","4","false","C00","TOTAL CPC","0","0","TOTAL MOT","8","kg","100199148.835","true","-1","N/A","0","false","100199148.835","true","0","false","119115083.545",,"119115083.545","6","false","true",
"C","A","20240101","2024","52","2024","508","MOZ","Mozambique","M","Import","0","W00","World","0","W00","World","H6","HS","true","6309","Textiles; worn clothing and other worn articles","4","false","C00","TOTAL CPC","0","0","TOTAL MOT","8","kg","66236835","false","8","kg","66236835","false","66236835","false","0","false","12395761.9",,"12395761.9","0","false","true",
"C","A","20240101","2024","52","2024","512","OMN","Oman","M","Import","0","W00","World","0","W00","World","H6","HS","true","6309","Textiles; worn clothing and other worn articles","4","false","C00","TOTAL CPC","0","0","TOTAL MOT","8","kg","16658003","false","8","kg","16658003","false","16658003","false","0","false","9568652.781",,"9568652.781","0","false","true",
"C","A","20240101","2024","52","2024","516","NAM","Namibia","M","Import","0","W00","World","0","W00","World","H6","HS","true","6309","Textiles; worn clothing and other worn articles","4","false","C00","TOTAL CPC","0","0","TOTAL MOT","8","kg","116797.929","false","-1","N/A","0","false","116797.929","false","0","false","236313.357","190678.659","236313.357","0","false","true",
"C","A","20240101","2024","52","2024","528","NLD","Netherlands","M","Import","0","W00","World","0","W00","World","H6","HS","true","6309","Textiles; worn clothing and other worn articles","4","false","C00","TOTAL CPC","0","0","TOTAL MOT","8","kg","109368632","false","8","kg","109368632","false","109368632","false","0","false","89552380.67",,"89552380.67","0","false","true",
"C","A","20240101","2024","52","2024","554","NZL","New Zealand","M","Import","0","W00","World","0","W00","World","H6","HS","true","6309","Textiles; worn clothing and other worn articles","4","false","C00","TOTAL CPC","0","0","TOTAL MOT","-1","N/A","0","false","-1","N/A","0","false",,"false","74144","false","2298905.037","2222504.044","2298905.037","0","false","true",
"C","A","20240101","2024","52","2024","558","NIC","Nicaragua","M","Import","0","W00","World","0","W00","World","H6","HS","true","6309","Textiles; worn clothing and other worn articles","4","false","C00","TOTAL CPC","0","0","TOTAL MOT","8","kg","50636408.4","false","8","kg","50636408.4","false","50636408.4","false","0","false","83435087.5",,"83435087.5","0","false","true",
"C","A","20240101","2024","52","2024","562","NER","Niger","M","Import","0","W00","World","0","W00","World","H6","HS","true","6309","Textiles; worn clothing and other worn articles","4","false","C00","TOTAL CPC","0","0","TOTAL MOT","8","kg","6134689","false","8","kg","6134689","false","6134689","false","0","false","6654005.042",,"6654005.042","0","false","true",
"C","A","20240101","2024","52","2024","566","NGA","Nigeria","M","Import","0","W00","World","0","W00","World","H6","HS","true","6309","Textiles; worn clothing and other worn articles","4","false","C00","TOTAL CPC","0","0","TOTAL MOT","8","kg","724859.25","false","8","kg","724859.25","false","724859.25","false","0","false","1211266.033",,"1211266.033","0","false","true",
"C","A","20240101","2024","52","2024","579","NOR","Norway","M","Import","0","W00","World","0","W00","World","H6","HS","true","6309","Textiles; worn clothing and other worn articles","4","false","C00","TOTAL CPC","0","0","TOTAL MOT","8","kg","279664","false","8","kg","279664","false","279664","false","0","false","2334612.12",,"2334612.12","0","false","true",
"C","A","20240101","2024","52","2024","586","PAK","Pakistan","M","Import","0","W00","World","0","W00","World","H6","HS","true","6309","Textiles; worn clothing and other worn articles","4","false","C00","TOTAL CPC","0","0","TOTAL MOT","8","kg","1084519849.459","true","-1","N/A","0","false","1084519849.459","true","0","false","477965651.925",,"477965651.925","6","false","true",
"C","A","20240101","2024","52","2024","591","PAN","Panama","M","Import","0","W00","World","0","W00","World","H6","HS","true","6309","Textiles; worn clothing and other worn articles","4","false","C00","TOTAL CPC","0","0","TOTAL MOT","8","kg","3173677","false","8","kg","3173677","false","3173677","false","3173677","false","4844480",,"4844480","0","false","true",
"C","A","20240101","2024","52","2024","600","PRY","Paraguay","M","Import","0","W00","World","0","W00","World","H6","HS","true","6309","Textiles; worn clothing and other worn articles","4","false","C00","TOTAL CPC","0","0","TOTAL MOT","8","kg","130619.616","false","8","kg","130619.616","false","130619.616","false","0","false","1146701.328","590253.98","1146701.328","0","false","true",
"C","A","20240101","2024","52","2024","604","PER","Peru","M","Import","0","W00","World","0","W00","World","H6","HS","true","6309","Textiles; worn clothing and other worn articles","4","false","C00","TOTAL CPC","0","0","TOTAL MOT","8","kg","411.572","false","8","kg","411.572","false","411.572","false","0","false","3438.326","3233.108","3438.326","0","false","true",
"C","A","20240101","2024","52","2024","608","PHL","Philippines","M","Import","0","W00","World","0","W00","World","H6","HS","true","6309","Textiles; worn clothing and other worn articles","4","false","C00","TOTAL CPC","0","0","TOTAL MOT","8","kg","76443117.12","false","8","kg","76443117.12","false","76443117.12","false","76443117.12","false","23083754","20865222","23083754","0","false","true",
"C","A","20240101","2024","52","2024","616","POL","Poland","M","Import","0","W00","World","0","W00","World","H6","HS","true","6309","Textiles; worn clothing and other worn articles","4","false","C00","TOTAL CPC","0","0","TOTAL MOT","8","kg","77115034.845","true","-1","N/A","0","false","77115034.845","true","0","false","105460197",,"105460197","6","false","true",
"C","A","20240101","2024","52","2024","620","PRT","Portugal","M","Import","0","W00","World","0","W00","World","H6","HS","true","6309","Textiles; worn clothing and other worn articles","4","false","C00","TOTAL CPC","0","0","TOTAL MOT","8","kg","49101102.773","true","-1","N/A","0","false","49101102.773","true","0","false","20154404.408",,"20154404.408","6","false","true",
"C","A","20240101","2024","52","2024","634","QAT","Qatar","M","Import","0","W00","World","0","W00","World","H6","HS","true","6309","Textiles; worn clothing and other worn articles","4","false","C00","TOTAL CPC","0","0","TOTAL MOT","8","kg","68236.232","true","-1","N/A","0","false","68236.232","true","0","false","693841.727",,"693841.727","6","false","true",
"C","A","20240101","2024","52","2024","642","ROU","Romania","M","Import","0","W00","World","0","W00","World","H6","HS","true","6309","Textiles; worn clothing and other worn articles","4","false","C00","TOTAL CPC","0","0","TOTAL MOT","8","kg","39850850.95","false","8","kg","39850850.95","false","39850850.95","false","0","false","51548436.5","49470668.45","51548436.5","0","false","true",
"C","A","20240101","2024","52","2024","686","SEN","Senegal","M","Import","0","W00","World","0","W00","World","H6","HS","true","6309","Textiles; worn clothing and other worn articles","4","false","C00","TOTAL CPC","0","0","TOTAL MOT","8","kg","39832921","false","8","kg","39832921","false","39832921","false","0","false","21593939.864",,"21593939.864","0","false","true",
"C","A","20240101","2024","52","2024","688","SRB","Serbia","M","Import","0","W00","World","0","W00","World","H6","HS","true","6309","Textiles; worn clothing and other worn articles","4","false","C00","TOTAL CPC","0","0","TOTAL MOT","8","kg","5319603","false","8","kg","5319603","false","5319603","false","0","false","6685509","6126958","6685509","0","false","true",
"C","A","20240101","2024","52","2024","690","SYC","Seychelles","M","Import","0","W00","World","0","W00","World","H6","HS","true","6309","Textiles; worn clothing and other worn articles","4","false","C00","TOTAL CPC","0","0","TOTAL MOT","-1","N/A","0","false","-1","N/A","0","false",,"false","0","false","2151.323",,"2151.323","0","false","true",
"C","A","20240101","2024","52","2024","699","IND","India","M","Import","0","W00","World","0","W00","World","H6","HS","true","6309","Textiles; worn clothing and other worn articles","4","false","C00","TOTAL CPC","0","0","TOTAL MOT","8","kg","160253570","false","8","kg","160253570","false","160253570","false","0","false","68228138.078",,"68228138.078","0","false","true",
"C","A","20240101","2024","52","2024","702","SGP","Singapore","M","Import","0","W00","World","0","W00","World","H6","HS","true","6309","Textiles; worn clothing and other worn articles","4","false","C00","TOTAL CPC","0","0","TOTAL MOT","8","kg","2994005.735","true","-1","N/A","0","false","2994005.735","true","0","false","8025536.206",,"8025536.206","6","false","true",
"C","A","20240101","2024","52","2024","703","SVK","Slovakia","M","Import","0","W00","World","0","W00","World","H6","HS","true","6309","Textiles; worn clothing and other worn articles","4","false","C00","TOTAL CPC","0","0","TOTAL MOT","8","kg","37141818","false","8","kg","37141818","false","37141818","false","0","false","32288664.683","31947949.715","32288664.683","0","false","true",
"C","A","20240101","2024","52","2024","705","SVN","Slovenia","M","Import","0","W00","World","0","W00","World","H6","HS","true","6309","Textiles; worn clothing and other worn articles","4","false","C00","TOTAL CPC","0","0","TOTAL MOT","8","kg","202917.451","false","8","kg","202917.451","false","202917.451","false","0","false","742864.867",,"742864.867","0","false","true",
"C","A","20240101","2024","52","2024","710","ZAF","South Africa","M","Import","0","W00","World","0","W00","World","H6","HS","true","6309","Textiles; worn clothing and other worn articles","4","false","C00","TOTAL CPC","0","0","TOTAL MOT","8","kg","19212230.01","false","8","kg","19212230.01","false","19212230.01","false","0","false",,"6833853.258","6833853.258","0","false","true",
"C","A","20240101","2024","52","2024","716","ZWE","Zimbabwe","M","Import","0","W00","World","0","W00","World","H6","HS","true","6309","Textiles; worn clothing and other worn articles","4","false","C00","TOTAL CPC","0","0","TOTAL MOT","-1","N/A","0","false","-1","N/A","0","false",,"false","0","false","58966.343",,"58966.343","0","false","true",
"C","A","20240101","2024","52","2024","724","ESP","Spain","M","Import","0","W00","World","0","W00","World","H6","HS","true","6309","Textiles; worn clothing and other worn articles","4","false","C00","TOTAL CPC","0","0","TOTAL MOT","8","kg","23006994.68","false","8","kg","23006994.68","false","23006994.68","false","0","false","13964510.662",,"13964510.662","0","false","true",
"C","A","20240101","2024","52","2024","740","SUR","Suriname","M","Import","0","W00","World","0","W00","World","H3","HS","true","6309","Textiles; worn clothing and other worn articles","4","false","C00","TOTAL CPC","0","0","TOTAL MOT","8","kg","138387","false","5","u","10720","false","138387","false","139442","false","80168.828",,"80168.828","0","false","true",
"C","A","20240101","2024","52","2024","752","SWE","Sweden","M","Import","0","W00","World","0","W00","World","H6","HS","true","6309","Textiles; worn clothing and other worn articles","4","false","C00","TOTAL CPC","0","0","TOTAL MOT","8","kg","13062207.414","true","-1","N/A","0","false","13062207.414","true","0","false","14273199.694",,"14273199.694","6","false","true",
"C","A","20240101","2024","52","2024","757","CHE","Switzerland","M","Import","0","W00","World","0","W00","World","H6","HS","true","6309","Textiles; worn clothing and other worn articles","4","false","C00","TOTAL CPC","0","0","TOTAL MOT","8","kg","472273.308","true","-1","N/A","0","false","472273.308","true","0","false","2579650.54",,"2579650.54","6","false","true",
"C","A","20240101","2024","52","2024","764","THA","Thailand","M","Import","0","W00","World","0","W00","World","H6","HS","true","6309","Textiles; worn clothing and other worn articles","4","false","C00","TOTAL CPC","0","0","TOTAL MOT","8","kg","119599629.131","true","-1","N/A","0","false","119599628.131","true","0","false","59111740.846",,"59111740.846","6","false","true",
"C","A","20240101","2024","52","2024","768","TGO","Togo","M","Import","0","W00","World","0","W00","World","H5","HS","true","6309","Textiles; worn clothing and other worn articles","4","false","C00","TOTAL CPC","0","0","TOTAL MOT","8","kg","86566975","false","8","kg","86566975","false","86566975","false","0","false","37266070.264",,"37266070.264","0","false","true",
"C","A","20240101","2024","52","2024","780","TTO","Trinidad and Tobago","M","Import","0","W00","World","0","W00","World","H4","HS","true","6309","Textiles; worn clothing and other worn articles","4","false","C00","TOTAL CPC","0","0","TOTAL MOT","8","kg","12853","false","8","kg","12853","false","12853","false","0","false","192997.069",,"192997.069","0","false","true",
"C","A","20240101","2024","52","2024","788","TUN","Tunisia","M","Import","0","W00","World","0","W00","World","H6","HS","true","6309","Textiles; worn clothing and other worn articles","4","false","C00","TOTAL CPC","0","0","TOTAL MOT","-1","N/A","0","false","-1","N/A","0","false",,"false","0","false","65289998.851",,"65289998.851","0","false","true",
"C","A","20240101","2024","52","2024","792","TUR","Türkiye","M","Import","0","W00","World","0","W00","World","H6","HS","true","6309","Textiles; worn clothing and other worn articles","4","false","C00","TOTAL CPC","0","0","TOTAL MOT","8","kg","60626679","false","8","kg","60626679","false","60626679","false","0","false","39616290","34489585.88","39616290","0","false","true",
"C","A","20240101","2024","52","2024","800","UGA","Uganda","M","Import","0","W00","World","0","W00","World","H6","HS","true","6309","Textiles; worn clothing and other worn articles","4","false","C00","TOTAL CPC","0","0","TOTAL MOT","8","kg","88390813.13","false","8","kg","88390813.13","false","88390813.13","false","0","false","106391491.64",,"106391491.64","0","false","true",
"C","A","20240101","2024","52","2024","804","UKR","Ukraine","M","Import","0","W00","World","0","W00","World","H6","HS","true","6309","Textiles; worn clothing and other worn articles","4","false","C00","TOTAL CPC","0","0","TOTAL MOT","8","kg","112859828","false","8","kg","112859828","false","112859828","false","0","false","181847010.47",,"181847010.47","0","false","true",
"C","A","20240101","2024","52","2024","807","MKD","North Macedonia","M","Import","0","W00","World","0","W00","World","H6","HS","true","6309","Textiles; worn clothing and other worn articles","4","false","C00","TOTAL CPC","0","0","TOTAL MOT","8","kg","1639038.167","true","-1","N/A","0","false","1639038.167","true","0","false","907839.15",,"907839.15","6","false","true",
"C","A","20240101","2024","52","2024","818","EGY","Egypt","M","Import","0","W00","World","0","W00","World","H6","HS","true","6309","Textiles; worn clothing and other worn articles","4","false","C00","TOTAL CPC","0","0","TOTAL MOT","8","kg","15262891.621","true","-1","N/A","0","false","15262891.621","true","0","false","22437980.935",,"22437980.935","6","false","true",
"C","A","20240101","2024","52","2024","826","GBR","United Kingdom","M","Import","0","W00","World","0","W00","World","H6","HS","true","6309","Textiles; worn clothing and other worn articles","4","false","C00","TOTAL CPC","0","0","TOTAL MOT","-1","N/A","0","false","-1","N/A","0","false",,"false","0","false","66855648.045",,"66855648.045","0","false","true",
"C","A","20240101","2024","52","2024","834","TZA","United Rep. of Tanzania","M","Import","0","W00","World","0","W00","World","H6","HS","true","6309","Textiles; worn clothing and other worn articles","4","false","C00","TOTAL CPC","0","0","TOTAL MOT","8","kg","82819077.585","false","8","kg","82819077.585","false","82819077.585","false","0","false","89733901.124",,"89733901.124","0","false","true",
"C","A","20240101","2024","52","2024","842","USA","USA","M","Import","0","W00","World","0","W00","World","H6","HS","true","6309","Textiles; worn clothing and other worn articles","4","false","C00","TOTAL CPC","0","0","TOTAL MOT","8","kg","15246032.194","true","-1","N/A","0","false","15246032.194","true","0","false","31004363","29128707","31004363","6","false","true",
"C","A","20240101","2024","52","2024","854","BFA","Burkina Faso","M","Import","0","W00","World","0","W00","World","H6","HS","true","6309","Textiles; worn clothing and other worn articles","4","false","C00","TOTAL CPC","0","0","TOTAL MOT","8","kg","14367739","false","8","kg","14367739","false","14367739","false","0","false","8074075.82",,"8074075.82","0","false","true",
"C","A","20240101","2024","52","2024","858","URY","Uruguay","M","Import","0","W00","World","0","W00","World","H6","HS","true","6309","Textiles; worn clothing and other worn articles","4","false","C00","TOTAL CPC","0","0","TOTAL MOT","8","kg","128701","false","-1","N/A","0","false","128701","false","0","false","83205",,"83205","0","false","true",
"C","A","20240101","2024","52","2024","860","UZB","Uzbekistan","M","Import","0","W00","World","0","W00","World","H6","HS","true","6309","Textiles; worn clothing and other worn articles","4","false","C00","TOTAL CPC","0","0","TOTAL MOT","8","kg","290","true","-1","N/A","0","false","290","true","0","false","145",,"145","6","false","true",
"C","A","20240101","2024","52","2024","882","WSM","Samoa","M","Import","0","W00","World","0","W00","World","H5","HS","true","6309","Textiles; worn clothing and other worn articles","4","false","C00","TOTAL CPC","0","0","TOTAL MOT","-1","N/A","0","false","-1","N/A","0","false",,"false","0","false","655241.388",,"655241.388","0","false","true",
"C","A","20240101","2024","52","2024","887","YEM","Yemen","M","Import","0","W00","World","0","W00","World","H5","HS","true","6309","Textiles; worn clothing and other worn articles","4","false","C00","TOTAL CPC","0","0","TOTAL MOT","8","kg","1302126","false","8","kg","1302126","false","1302126","false","0","false","756570.309",,"756570.309","0","false","true",
"C","A","20240101","2024","52","2024","894","ZMB","Zambia","M","Import","0","W00","World","0","W00","World","H6","HS","true","6309","Textiles; worn clothing and other worn articles","4","false","C00","TOTAL CPC","0","0","TOTAL MOT","8","kg","10730708.43","false","8","kg","10730708.43","false","10730708.43","false","0","false","18192166.777",,"18192166.777","0","false","true",
"C","A","20250101","2025","52","2025","20","AND","Andorra","M","Import","0","W00","World","0","W00","World","H6","HS","true","6309","Textiles; worn clothing and other worn articles","4","false","C00","TOTAL CPC","0","0","TOTAL MOT","8","kg","352040.94","false","8","kg","352040.94","false","352040.94","false","0","false","484231.528",,"484231.528","0","false","true",
"C","A","20250101","2025","52","2025","24","AGO","Angola","M","Import","0","W00","World","0","W00","World","H6","HS","true","6309","Textiles; worn clothing and other worn articles","4","false","C00","TOTAL CPC","0","0","TOTAL MOT","8","kg","65722361.605","false","8","kg","65722361.605","false","65722361.605","false","0","false","39608710.5","33565684.93","39608710.5","0","false","true",
"C","A","20250101","2025","52","2025","31","AZE","Azerbaijan","M","Import","0","W00","World","0","W00","World","H6","HS","true","6309","Textiles; worn clothing and other worn articles","4","false","C00","TOTAL CPC","0","0","TOTAL MOT","8","kg","754031.02","false","8","kg","754031.02","false","754031.02","false","0","false","2730681.81",,"2730681.81","0","false","true",
"C","A","20250101","2025","52","2025","32","ARG","Argentina","M","Import","0","W00","World","0","W00","World","H6","HS","true","6309","Textiles; worn clothing and other worn articles","4","false","C00","TOTAL CPC","0","0","TOTAL MOT","8","kg","4628007.91","false","8","kg","4628007.91","false","4628007.91","false","0","false","5258337.29","4717808.79","5258337.29","0","false","true",
"C","A","20250101","2025","52","2025","36","AUS","Australia","M","Import","0","W00","World","0","W00","World","H6","HS","true","6309","Textiles; worn clothing and other worn articles","4","false","C00","TOTAL CPC","0","0","TOTAL MOT","8","kg","2546786.353","true","-1","N/A","0","false",,"false","0","false","3420421.049","3166578.949","3420421.049","2","false","true",
"C","A","20250101","2025","52","2025","40","AUT","Austria","M","Import","0","W00","World","0","W00","World","H6","HS","true","6309","Textiles; worn clothing and other worn articles","4","false","C00","TOTAL CPC","0","0","TOTAL MOT","8","kg","2318135.473","true","-1","N/A","0","false","2318135.473","true","0","false","4615454.514",,"4615454.514","6","false","true",
"C","A","20250101","2025","52","2025","51","ARM","Armenia","M","Import","0","W00","World","0","W00","World","H6","HS","true","6309","Textiles; worn clothing and other worn articles","4","false","C00","TOTAL CPC","0","0","TOTAL MOT","8","kg","752038.44","false","8","kg","752038.44","false","752038.44","false","0","false","1666171.31",,"1666171.31","0","false","true",
"C","A","20250101","2025","52","2025","52","BRB","Barbados","M","Import","0","W00","World","0","W00","World","H6","HS","true","6309","Textiles; worn clothing and other worn articles","4","false","C00","TOTAL CPC","0","0","TOTAL MOT","8","kg","15066","false","8","kg","15066","false","15066","false","0","false","30114.5",,"30114.5","0","false","true",
"C","A","20250101","2025","52","2025","56","BEL","Belgium","M","Import","0","W00","World","0","W00","World","H6","HS","true","6309","Textiles; worn clothing and other worn articles","4","false","C00","TOTAL CPC","0","0","TOTAL MOT","8","kg","24557848","false","8","kg","24557848","false","24557848","false","0","false","28838288.992",,"28838288.992","0","false","true",
"C","A","20250101","2025","52","2025","60","BMU","Bermuda","M","Import","0","W00","World","0","W00","World","H6","HS","true","6309","Textiles; worn clothing and other worn articles","4","false","C00","TOTAL CPC","0","0","TOTAL MOT","8","kg","4612.23","false","8","kg","4612.23","false","4612.23","false","0","false",,"120334.89","120334.89","0","false","true",
"C","A","20250101","2025","52","2025","64","BTN","Bhutan","M","Import","0","W00","World","0","W00","World","H6","HS","true","6309","Textiles; worn clothing and other worn articles","4","false","C00","TOTAL CPC","0","0","TOTAL MOT","8","kg","27911.997","true","-1","N/A","0","false","27911.997","true","0","false","37486.765",,"37486.765","6","false","true",
"C","A","20250101","2025","52","2025","70","BIH","Bosnia Herzegovina","M","Import","0","W00","World","0","W00","World","H6","HS","true","6309","Textiles; worn clothing and other worn articles","4","false","C00","TOTAL CPC","0","0","TOTAL MOT","8","kg","6363541.89","false","8","kg","6363541.89","false","6363541.89","false","0","false","6793491.375",,"6793491.375","0","false","true",
"C","A","20250101","2025","52","2025","76","BRA","Brazil","M","Import","0","W00","World","0","W00","World","H6","HS","true","6309","Textiles; worn clothing and other worn articles","4","false","C00","TOTAL CPC","0","0","TOTAL MOT","8","kg","204332","false","8","kg","204332","false","204332","false","0","false","81992","58875","81992","0","false","true",
"C","A","20250101","2025","52","2025","84","BLZ","Belize","M","Import","0","W00","World","0","W00","World","H6","HS","true","6309","Textiles; worn clothing and other worn articles","4","false","C00","TOTAL CPC","0","0","TOTAL MOT","8","kg","5250495.566","true","-1","N/A","0","false","5250495.566","true","0","false","7688160.525",,"7688160.525","6","false","true",
"C","A","20250101","2025","52","2025","96","BRN","Brunei Darussalam","M","Import","0","W00","World","0","W00","World","H6","HS","true","6309","Textiles; worn clothing and other worn articles","4","false","C00","TOTAL CPC","0","0","TOTAL MOT","8","kg","143","false","8","kg","143","false","143","false","0","false","2705.039",,"2705.039","0","false","true",
"C","A","20250101","2025","52","2025","100","BGR","Bulgaria","M","Import","0","W00","World","0","W00","World","H6","HS","true","6309","Textiles; worn clothing and other worn articles","4","false","C00","TOTAL CPC","0","0","TOTAL MOT","8","kg","44073293.012","true","-1","N/A","0","false","44073293.012","true","0","false","44061358.673",,"44061358.673","6","false","true",
"C","A","20250101","2025","52","2025","104","MMR","Myanmar","M","Import","0","W00","World","0","W00","World","H6","HS","true","6309","Textiles; worn clothing and other worn articles","4","false","C00","TOTAL CPC","0","0","TOTAL MOT","8","kg","4256.57","false","8","kg","4256.57","false","4256.57","false","0","false","4065.83",,"4065.83","0","false","true",
"C","A","20250101","2025","52","2025","124","CAN","Canada","M","Import","0","W00","World","0","W00","World","H6","HS","true","6309","Textiles; worn clothing and other worn articles","4","false","C00","TOTAL CPC","0","0","TOTAL MOT","8","kg","74838431.592","true","-1","N/A","0","false","74838431.592","true","0","false",,"36217775.516","36217775.516","6","false","true",
"C","A","20250101","2025","52","2025","144","LKA","Sri Lanka","M","Import","0","W00","World","0","W00","World","H6","HS","true","6309","Textiles; worn clothing and other worn articles","4","false","C00","TOTAL CPC","0","0","TOTAL MOT","8","kg","195005.58","true","-1","N/A","0","false","195005.58","true","0","false","261899.154",,"261899.154","6","false","true",
"C","A","20250101","2025","52","2025","152","CHL","Chile","M","Import","0","W00","World","0","W00","World","H6","HS","true","6309","Textiles; worn clothing and other worn articles","4","false","C00","TOTAL CPC","0","0","TOTAL MOT","8","kg","169273328.341","false","8","kg","169273328.341","false","169273328.341","false","0","false","232668914.757","211701858.728","232668914.757","0","false","true",
"C","A","20250101","2025","52","2025","191","HRV","Croatia","M","Import","0","W00","World","0","W00","World","H6","HS","true","6309","Textiles; worn clothing and other worn articles","4","false","C00","TOTAL CPC","0","0","TOTAL MOT","8","kg","1010142.98","false","8","kg","1010142.98","false","1010142.98","false","0","false","3215284",,"3215284","0","false","true",
"C","A","20250101","2025","52","2025","196","CYP","Cyprus","M","Import","0","W00","World","0","W00","World","H6","HS","true","6309","Textiles; worn clothing and other worn articles","4","false","C00","TOTAL CPC","0","0","TOTAL MOT","8","kg","123609","false","8","kg","123609","false","123609","false","0","false","785453.534",,"785453.534","0","false","true",
"C","A","20250101","2025","52","2025","203","CZE","Czechia","M","Import","0","W00","World","0","W00","World","H6","HS","true","6309","Textiles; worn clothing and other worn articles","4","false","C00","TOTAL CPC","0","0","TOTAL MOT","8","kg","25649003.053","true","-1","N/A","0","false","25649003.053","true","0","false","13354972","13263484","13354972","6","false","true",
"C","A","20250101","2025","52","2025","208","DNK","Denmark","M","Import","0","W00","World","0","W00","World","H6","HS","true","6309","Textiles; worn clothing and other worn articles","4","false","C00","TOTAL CPC","0","0","TOTAL MOT","8","kg","743306","false","8","kg","743306","false","743306","false","0","false","5629580.436",,"5629580.436","0","false","true",
"C","A","20250101","2025","52","2025","214","DOM","Dominican Rep.","M","Import","0","W00","World","0","W00","World","H6","HS","true","6309","Textiles; worn clothing and other worn articles","4","false","C00","TOTAL CPC","0","0","TOTAL MOT","8","kg","151012.996","false","-1","N/A","0","false","289248.733","false","0","false","1211449.52","676208.909","1211449.52","0","false","true",
"C","A","20250101","2025","52","2025","218","ECU","Ecuador","M","Import","0","W00","World","0","W00","World","H6","HS","true","6309","Textiles; worn clothing and other worn articles","4","false","C00","TOTAL CPC","0","0","TOTAL MOT","8","kg","0.25","false","5","u","1","false","0.25","false","0","false","2.37","2","2.37","0","false","true",
"C","A","20250101","2025","52","2025","222","SLV","El Salvador","M","Import","0","W00","World","0","W00","World","H6","HS","true","6309","Textiles; worn clothing and other worn articles","4","false","C00","TOTAL CPC","0","0","TOTAL MOT","8","kg","38175761.96","false","8","kg","38175761.96","false","38175761.96","false","0","false","73484885.05",,"73484885.05","0","false","true",
"C","A","20250101","2025","52","2025","233","EST","Estonia","M","Import","0","W00","World","0","W00","World","H6","HS","true","6309","Textiles; worn clothing and other worn articles","4","false","C00","TOTAL CPC","0","0","TOTAL MOT","8","kg","4988507.499","false","8","kg","4988507.499","false","4988507.499","false","0","false","7642789.84",,"7642789.84","0","false","true",
"C","A","20250101","2025","52","2025","234","FRO","Faroe Isds","M","Import","0","W00","World","0","W00","World","H5","HS","true","6309","Textiles; worn clothing and other worn articles","4","false","C00","TOTAL CPC","0","0","TOTAL MOT","8","kg","10.13","false","8","kg","10.13","false","10.13","false","0","false","379.54","360.036","379.54","0","false","true",
"C","A","20250101","2025","52","2025","242","FJI","Fiji","M","Import","0","W00","World","0","W00","World","H6","HS","true","6309","Textiles; worn clothing and other worn articles","4","false","C00","TOTAL CPC","0","0","TOTAL MOT","8","kg","3633987.671","false","8","kg","3633987.671","false","3633987.671","false","0","false","6843234.834",,"6843234.834","0","false","true",
"C","A","20250101","2025","52","2025","246","FIN","Finland","M","Import","0","W00","World","0","W00","World","H6","HS","true","6309","Textiles; worn clothing and other worn articles","4","false","C00","TOTAL CPC","0","0","TOTAL MOT","8","kg","307115.976","true","-1","N/A","0","false","307115.976","true","0","false","1568717.411",,"1568717.411","6","false","true",
"C","A","20250101","2025","52","2025","251","FRA","France","M","Import","0","W00","World","0","W00","World","H6","HS","true","6309","Textiles; worn clothing and other worn articles","4","false","C00","TOTAL CPC","0","0","TOTAL MOT","8","kg","21614307.859","true","-1","N/A","0","false","21614307.859","true","0","false","26145270.562",,"26145270.562","6","false","true",
"C","A","20250101","2025","52","2025","268","GEO","Georgia","M","Import","0","W00","World","0","W00","World","H6","HS","true","6309","Textiles; worn clothing and other worn articles","4","false","C00","TOTAL CPC","0","0","TOTAL MOT","8","kg","11653603.87","false","8","kg","11653603.87","false","11653603.87","false","0","false","45098003.73",,"45098003.73","0","false","true",
"C","A","20250101","2025","52","2025","276","DEU","Germany","M","Import","0","W00","World","0","W00","World","H6","HS","true","6309","Textiles; worn clothing and other worn articles","4","false","C00","TOTAL CPC","0","0","TOTAL MOT","8","kg","41521800.569","true","-1","N/A","0","false","41521800.569","true","0","false","34680911.513",,"34680911.513","6","false","true",
"C","A","20250101","2025","52","2025","288","GHA","Ghana","M","Import","0","W00","World","0","W00","World","H6","HS","true","6309","Textiles; worn clothing and other worn articles","4","false","C00","TOTAL CPC","0","0","TOTAL MOT","-1","N/A","0","false","-1","N/A","0","false",,"false","0","false","115275991.123",,"115275991.123","0","false","true",
"C","A","20250101","2025","52","2025","300","GRC","Greece","M","Import","0","W00","World","0","W00","World","H6","HS","true","6309","Textiles; worn clothing and other worn articles","4","false","C00","TOTAL CPC","0","0","TOTAL MOT","-1","N/A","0","false","-1","N/A","0","false",,"false","0","false","2811215.082",,"2811215.082","0","false","true",
"C","A","20250101","2025","52","2025","320","GTM","Guatemala","M","Import","0","W00","World","0","W00","World","H6","HS","true","6309","Textiles; worn clothing and other worn articles","4","false","C00","TOTAL CPC","0","0","TOTAL MOT","8","kg","145271318","false","8","kg","145271318","false","145271318","false","0","false","224477229",,"224477229","0","false","true",
"C","A","20250101","2025","52","2025","328","GUY","Guyana","M","Import","0","W00","World","0","W00","World","H5","HS","true","6309","Textiles; worn clothing and other worn articles","4","false","C00","TOTAL CPC","0","0","TOTAL MOT","8","kg","1019941.09","false","5","u","815072.23","false","1019941.09","false","0","false","2929079.794",,"2929079.794","0","false","true",
"C","A","20250101","2025","52","2025","344","HKG","China, Hong Kong SAR","M","Import","0","W00","World","0","W00","World","H6","HS","true","6309","Textiles; worn clothing and other worn articles","4","false","C00","TOTAL CPC","0","0","TOTAL MOT","8","kg","36356099","false","8","kg","36356099","false","36356099","false","0","false","18011471.745",,"18011471.745","0","false","true",
"C","A","20250101","2025","52","2025","348","HUN","Hungary","M","Import","0","W00","World","0","W00","World","H6","HS","true","6309","Textiles; worn clothing and other worn articles","4","false","C00","TOTAL CPC","0","0","TOTAL MOT","-1","N/A","0","false","-1","N/A","0","false","67102636.346","true","0","false","38374234.915",,"38374234.915","4","false","true",
"C","A","20250101","2025","52","2025","352","ISL","Iceland","M","Import","0","W00","World","0","W00","World","H6","HS","true","6309","Textiles; worn clothing and other worn articles","4","false","C00","TOTAL CPC","0","0","TOTAL MOT","8","kg","40500.163","true","-1","N/A","0","false","40500.163","true","0","false","778664.84","697706.804","778664.84","6","false","true",
"C","A","20250101","2025","52","2025","360","IDN","Indonesia","M","Import","0","W00","World","0","W00","World","H6","HS","true","6309","Textiles; worn clothing and other worn articles","4","false","C00","TOTAL CPC","0","0","TOTAL MOT","8","kg","1840640.292","false","8","kg","1840640.292","false","1840640.292","false","0","false","1972852.5",,"1972852.5","0","false","true",
"C","A","20250101","2025","52","2025","372","IRL","Ireland","M","Import","0","W00","World","0","W00","World","H6","HS","true","6309","Textiles; worn clothing and other worn articles","4","false","C00","TOTAL CPC","0","0","TOTAL MOT","8","kg","122724.496","true","-1","N/A","0","false","122724.496","true","0","false","2456190.955",,"2456190.955","6","false","true",
"C","A","20250101","2025","52","2025","376","ISR","Israel","M","Import","0","W00","World","0","W00","World","H6","HS","true","6309","Textiles; worn clothing and other worn articles","4","false","C00","TOTAL CPC","0","0","TOTAL MOT","8","kg","2096000.311","true","-1","N/A","0","false","2096000.311","true","0","false","2815000",,"2815000","6","false","true",
"C","A","20250101","2025","52","2025","380","ITA","Italy","M","Import","0","W00","World","0","W00","World","H6","HS","true","6309","Textiles; worn clothing and other worn articles","4","false","C00","TOTAL CPC","0","0","TOTAL MOT","8","kg","39369986","false","8","kg","39369986","false","39369986","false","0","false","31118242.968",,"31118242.968","0","false","true",
"C","A","20250101","2025","52","2025","384","CIV","Côte d'Ivoire","M","Import","0","W00","World","0","W00","World","H6","HS","true","6309","Textiles; worn clothing and other worn articles","4","false","C00","TOTAL CPC","0","0","TOTAL MOT","8","kg","27076328.4","false","-1","N/A","0","false","27091418","false","0","false","33926045.024",,"33926045.024","0","false","true",
"C","A","20250101","2025","52","2025","388","JAM","Jamaica","M","Import","0","W00","World","0","W00","World","H6","HS","true","6309","Textiles; worn clothing and other worn articles","4","false","C00","TOTAL CPC","0","0","TOTAL MOT","8","kg","1927633.3","false","8","kg","1927633.3","false","1927633.3","false","0","false","3802741.754",,"3802741.754","0","false","true",
"C","A","20250101","2025","52","2025","392","JPN","Japan","M","Import","0","W00","World","0","W00","World","H6","HS","true","6309","Textiles; worn clothing and other worn articles","4","false","C00","TOTAL CPC","0","0","TOTAL MOT","8","kg","9134675","false","8","kg","9134675","false","9134675","false","0","false","88180035.57",,"88180035.57","0","false","true",
"C","A","20250101","2025","52","2025","398","KAZ","Kazakhstan","M","Import","0","W00","World","0","W00","World","H6","HS","true","6309","Textiles; worn clothing and other worn articles","4","false","C00","TOTAL CPC","0","0","TOTAL MOT","8","kg","2174892.42","false","8","kg","2174892.42","false","2174892.42","false","0","false","4351047.03",,"4351047.03","0","false","true",
"C","A","20250101","2025","52","2025","404","KEN","Kenya","M","Import","0","W00","World","0","W00","World","H6","HS","true","6309","Textiles; worn clothing and other worn articles","4","false","C00","TOTAL CPC","0","0","TOTAL MOT","8","kg","250230443.407","false","8","kg","250230443.407","false","250230443.407","false","0","false","233804430.598",,"233804430.598","0","false","true",
"C","A","20250101","2025","52","2025","410","KOR","Rep. of Korea","M","Import","0","W00","World","0","W00","World","H6","HS","true","6309","Textiles; worn clothing and other worn articles","4","false","C00","TOTAL CPC","0","0","TOTAL MOT","8","kg","43907612.375","true","-1","N/A","0","false","43907612.375","true","0","false","38916133",,"38916133","6","false","true",
"C","A","20250101","2025","52","2025","414","KWT","Kuwait","M","Import","0","W00","World","0","W00","World","H6","HS","true","6309","Textiles; worn clothing and other worn articles","4","false","C00","TOTAL CPC","0","0","TOTAL MOT","8","kg","205153.736","true","-1","N/A","0","false","45782.21","false","0","false","275528.473",,"275528.473","2","false","true",
"C","A","20250101","2025","52","2025","417","KGZ","Kyrgyzstan","M","Import","0","W00","World","0","W00","World","H6","HS","true","6309","Textiles; worn clothing and other worn articles","4","false","C00","TOTAL CPC","0","0","TOTAL MOT","8","kg","2013816","false","8","kg","2013816","false","2013816","false","0","false","1785706",,"1785706","0","false","true",
"C","A","20250101","2025","52","2025","428","LVA","Latvia","M","Import","0","W00","World","0","W00","World","H6","HS","true","6309","Textiles; worn clothing and other worn articles","4","false","C00","TOTAL CPC","0","0","TOTAL MOT","8","kg","7029075.471","true","-1","N/A","0","false","7029075.471","true","0","false","13039749.957",,"13039749.957","6","false","true",
"C","A","20250101","2025","52","2025","440","LTU","Lithuania","M","Import","0","W00","World","0","W00","World","H6","HS","true","6309","Textiles; worn clothing and other worn articles","4","false","C00","TOTAL CPC","0","0","TOTAL MOT","8","kg","53779016.01","false","8","kg","53779016.01","false","53779016.01","false","0","false","48110390",,"48110390","0","false","true",
"C","A","20250101","2025","52","2025","442","LUX","Luxembourg","M","Import","0","W00","World","0","W00","World","H6","HS","true","6309","Textiles; worn clothing and other worn articles","4","false","C00","TOTAL CPC","0","0","TOTAL MOT","-1","N/A","0","false","-1","N/A","0","false","100320.719","true","0","false","426391.239","424337.166","426391.239","4","false","true",
"C","A","20250101","2025","52","2025","454","MWI","Malawi","M","Import","0","W00","World","0","W00","World","H6","HS","true","6309","Textiles; worn clothing and other worn articles","4","false","C00","TOTAL CPC","0","0","TOTAL MOT","8","kg","53468880.28","false","5","u","9016090","false","53468880.28","false","0","false","102447565.155",,"102447565.155","0","false","true",
"C","A","20250101","2025","52","2025","458","MYS","Malaysia","M","Import","0","W00","World","0","W00","World","H6","HS","true","6309","Textiles; worn clothing and other worn articles","4","false","C00","TOTAL CPC","0","0","TOTAL MOT","-1","N/A","0","false","-1","N/A","0","false",,"false","0","false","119879577.656",,"119879577.656","0","false","true",
"C","A","20250101","2025","52","2025","462","MDV","Maldives","M","Import","0","W00","World","0","W00","World","H6","HS","true","6309","Textiles; worn clothing and other worn articles","4","false","C00","TOTAL CPC","0","0","TOTAL MOT","8","kg","243.572","true","-1","N/A","0","false","243.572","true","0","false","327.126","298.326","327.126","6","false","true",
"C","A","20250101","2025","52","2025","470","MLT","Malta","M","Import","0","W00","World","0","W00","World","H6","HS","true","6309","Textiles; worn clothing and other worn articles","4","false","C00","TOTAL CPC","0","0","TOTAL MOT","8","kg","9076","false","8","kg","9076","false","9076","false","0","false","157611.049",,"157611.049","0","false","true",
"C","A","20250101","2025","52","2025","480","MUS","Mauritius","M","Import","0","W00","World","0","W00","World","H6","HS","true","6309","Textiles; worn clothing and other worn articles","4","false","C00","TOTAL CPC","0","0","TOTAL MOT","8","kg","15334","false","8","kg","15334","false","15256","false","0","false","40893.759","32989.528","40893.759","0","false","true",
"C","A","20250101","2025","52","2025","498","MDA","Rep. of Moldova","M","Import","0","W00","World","0","W00","World","H6","HS","true","6309","Textiles; worn clothing and other worn articles","4","false","C00","TOTAL CPC","0","0","TOTAL MOT","8","kg","3260644","false","8","kg","3260644","false","3260644","false","0","false","5960962",,"5960962","0","false","true",
"C","A","20250101","2025","52","2025","499","MNE","Montenegro","M","Import","0","W00","World","0","W00","World","H6","HS","true","6309","Textiles; worn clothing and other worn articles","4","false","C00","TOTAL CPC","0","0","TOTAL MOT","-1","N/A","0","false","-1","N/A","0","false",,"false","0","false","1202739.248",,"1202739.248","0","false","true",
"C","A","20250101","2025","52","2025","504","MAR","Morocco","M","Import","0","W00","World","0","W00","World","H6","HS","true","6309","Textiles; worn clothing and other worn articles","4","false","C00","TOTAL CPC","0","0","TOTAL MOT","8","kg","95915185.275","true","-1","N/A","0","false","95915185.275","true","0","false","114183442.425",,"114183442.425","6","false","true",
"C","A","20250101","2025","52","2025","508","MOZ","Mozambique","M","Import","0","W00","World","0","W00","World","H6","HS","true","6309","Textiles; worn clothing and other worn articles","4","false","C00","TOTAL CPC","0","0","TOTAL MOT","8","kg","9676157","false","8","kg","9676157","false","9676157","false","0","false","10811007.413",,"10811007.413","0","false","true",
"C","A","20250101","2025","52","2025","512","OMN","Oman","M","Import","0","W00","World","0","W00","World","H6","HS","true","6309","Textiles; worn clothing and other worn articles","4","false","C00","TOTAL CPC","0","0","TOTAL MOT","8","kg","19778853","false","8","kg","19778853","false","19778853","false","0","false","9128309.479",,"9128309.479","0","false","true",
"C","A","20250101","2025","52","2025","528","NLD","Netherlands","M","Import","0","W00","World","0","W00","World","H6","HS","true","6309","Textiles; worn clothing and other worn articles","4","false","C00","TOTAL CPC","0","0","TOTAL MOT","8","kg","55519672","false","8","kg","55519672","false","55519672","false","0","false","64057895.022",,"64057895.022","0","false","true",
"C","A","20250101","2025","52","2025","554","NZL","New Zealand","M","Import","0","W00","World","0","W00","World","H6","HS","true","6309","Textiles; worn clothing and other worn articles","4","false","C00","TOTAL CPC","0","0","TOTAL MOT","8","kg","61753.137","true","-1","N/A","0","false","61753.137","true","0","false","495801.328","438862.473","495801.328","6","false","true",
"C","A","20250101","2025","52","2025","566","NGA","Nigeria","M","Import","0","W00","World","0","W00","World","H6","HS","true","6309","Textiles; worn clothing and other worn articles","4","false","C00","TOTAL CPC","0","0","TOTAL MOT","8","kg","522261.11","false","8","kg","522261.11","false","522261.11","false","0","false","1270671.907",,"1270671.907","0","false","true",
"C","A","20250101","2025","52","2025","579","NOR","Norway","M","Import","0","W00","World","0","W00","World","H6","HS","true","6309","Textiles; worn clothing and other worn articles","4","false","C00","TOTAL CPC","0","0","TOTAL MOT","8","kg","349142","false","8","kg","349142","false","349142","false","0","false","2319643.813",,"2319643.813","0","false","true",
"C","A","20250101","2025","52","2025","586","PAK","Pakistan","M","Import","0","W00","World","0","W00","World","H6","HS","true","6309","Textiles; worn clothing and other worn articles","4","false","C00","TOTAL CPC","0","0","TOTAL MOT","-1","N/A","0","false","-1","N/A","0","false",,"false","0","false","561906125.09",,"561906125.09","0","false","true",
"C","A","20250101","2025","52","2025","591","PAN","Panama","M","Import","0","W00","World","0","W00","World","H6","HS","true","6309","Textiles; worn clothing and other worn articles","4","false","C00","TOTAL CPC","0","0","TOTAL MOT","8","kg","4202608.693","true","-1","N/A","0","false","4071927","false","4071927","false","5644247",,"5644247","2","false","true",
"C","A","20250101","2025","52","2025","600","PRY","Paraguay","M","Import","0","W00","World","0","W00","World","H6","HS","true","6309","Textiles; worn clothing and other worn articles","4","false","C00","TOTAL CPC","0","0","TOTAL MOT","8","kg","140892.853","false","8","kg","140892.853","false","140892.853","false","0","false","1168156.26","583615.608","1168156.26","0","false","true",
"C","A","20250101","2025","52","2025","608","PHL","Philippines","M","Import","0","W00","World","0","W00","World","H6","HS","true","6309","Textiles; worn clothing and other worn articles","4","false","C00","TOTAL CPC","0","0","TOTAL MOT","8","kg","84637129.66","false","8","kg","84637129.66","false","84637129.66","false","86336499.35","false","26066036","23864612","26066036","0","false","true",
"C","A","20250101","2025","52","2025","616","POL","Poland","M","Import","0","W00","World","0","W00","World","H6","HS","true","6309","Textiles; worn clothing and other worn articles","4","false","C00","TOTAL CPC","0","0","TOTAL MOT","8","kg","62705876.074","true","-1","N/A","0","false","62705876.074","true","0","false","80687586",,"80687586","6","false","true",
"C","A","20250101","2025","52","2025","620","PRT","Portugal","M","Import","0","W00","World","0","W00","World","H6","HS","true","6309","Textiles; worn clothing and other worn articles","4","false","C00","TOTAL CPC","0","0","TOTAL MOT","8","kg","25269804.879","true","-1","N/A","0","false","25269804.879","true","0","false","12000664.379",,"12000664.379","6","false","true",
"C","A","20250101","2025","52","2025","642","ROU","Romania","M","Import","0","W00","World","0","W00","World","H6","HS","true","6309","Textiles; worn clothing and other worn articles","4","false","C00","TOTAL CPC","0","0","TOTAL MOT","8","kg","35776264.572","true","-1","N/A","0","false","35776264.572","true","0","false","43405510.98","41655960.68","43405510.98","6","false","true",
"C","A","20250101","2025","52","2025","678","STP","Sao Tome and Principe","M","Import","0","W00","World","0","W00","World","H6","HS","true","6309","Textiles; worn clothing and other worn articles","4","false","C00","TOTAL CPC","0","0","TOTAL MOT","8","kg","1108662.08","false","8","kg","1108662.08","false","1108662.08","false","0","false","1415728.027",,"1415728.027","0","false","true",
"C","A","20250101","2025","52","2025","688","SRB","Serbia","M","Import","0","W00","World","0","W00","World","H6","HS","true","6309","Textiles; worn clothing and other worn articles","4","false","C00","TOTAL CPC","0","0","TOTAL MOT","8","kg","5247432","false","8","kg","5247432","false","5247432","false","0","false","5938555","5343599","5938555","0","false","true",
"C","A","20250101","2025","52","2025","699","IND","India","M","Import","0","W00","World","0","W00","World","H6","HS","true","6309","Textiles; worn clothing and other worn articles","4","false","C00","TOTAL CPC","0","0","TOTAL MOT","8","kg","222482894","false","8","kg","222482894","false","222482894","false","0","false","88562465.006",,"88562465.006","0","false","true",
"C","A","20250101","2025","52","2025","702","SGP","Singapore","M","Import","0","W00","World","0","W00","World","H6","HS","true","6309","Textiles; worn clothing and other worn articles","4","false","C00","TOTAL CPC","0","0","TOTAL MOT","8","kg","1956072.605","true","-1","N/A","0","false","1956072.605","true","0","false","7087406.258",,"7087406.258","6","false","true",
"C","A","20250101","2025","52","2025","703","SVK","Slovakia","M","Import","0","W00","World","0","W00","World","H6","HS","true","6309","Textiles; worn clothing and other worn articles","4","false","C00","TOTAL CPC","0","0","TOTAL MOT","8","kg","32924079.571","true","-1","N/A","0","false","32924079.571","true","0","false","21121789.445","20772763.704","21121789.445","6","false","true",
"C","A","20250101","2025","52","2025","705","SVN","Slovenia","M","Import","0","W00","World","0","W00","World","H6","HS","true","6309","Textiles; worn clothing and other worn articles","4","false","C00","TOTAL CPC","0","0","TOTAL MOT","8","kg","210682.12","false","8","kg","210682.12","false","210682.12","false","0","false","870724.513",,"870724.513","0","false","true",
"C","A","20250101","2025","52","2025","710","ZAF","South Africa","M","Import","0","W00","World","0","W00","World","H6","HS","true","6309","Textiles; worn clothing and other worn articles","4","false","C00","TOTAL CPC","0","0","TOTAL MOT","8","kg","19711045.38","false","8","kg","19711045.38","false","19711045.38","false","0","false",,"6071183.593","6071183.593","0","false","true",
"C","A","20250101","2025","52","2025","724","ESP","Spain","M","Import","0","W00","World","0","W00","World","H6","HS","true","6309","Textiles; worn clothing and other worn articles","4","false","C00","TOTAL CPC","0","0","TOTAL MOT","8","kg","25428323.49","false","8","kg","25428323.49","false","25428323.49","false","0","false","18283192.629",,"18283192.629","0","false","true",
"C","A","20250101","2025","52","2025","728","SSD","South Sudan","M","Import","0","W00","World","0","W00","World","H6","HS","true","6309","Textiles; worn clothing and other worn articles","4","false","C00","TOTAL CPC","0","0","TOTAL MOT","8","kg","171588.474","false","8","kg","171588.474","false","171588.474","false","0","false","168789.532",,"168789.532","0","false","true",
"C","A","20250101","2025","52","2025","740","SUR","Suriname","M","Import","0","W00","World","0","W00","World","H3","HS","true","6309","Textiles; worn clothing and other worn articles","4","false","C00","TOTAL CPC","0","0","TOTAL MOT","8","kg","94380.75","false","5","u","4923","false","94380.75","false","96727.75","false","104891.284",,"104891.284","0","false","true",
"C","A","20250101","2025","52","2025","752","SWE","Sweden","M","Import","0","W00","World","0","W00","World","H6","HS","true","6309","Textiles; worn clothing and other worn articles","4","false","C00","TOTAL CPC","0","0","TOTAL MOT","8","kg","12444239.195","true","-1","N/A","0","false","12444239.195","true","0","false","14080965.589",,"14080965.589","6","false","true",
"C","A","20250101","2025","52","2025","757","CHE","Switzerland","M","Import","0","W00","World","0","W00","World","H6","HS","true","6309","Textiles; worn clothing and other worn articles","4","false","C00","TOTAL CPC","0","0","TOTAL MOT","8","kg","242390.292","true","-1","N/A","0","false","242390.292","true","0","false","2353643.982",,"2353643.982","6","false","true",
"C","A","20250101","2025","52","2025","764","THA","Thailand","M","Import","0","W00","World","0","W00","World","H6","HS","true","6309","Textiles; worn clothing and other worn articles","4","false","C00","TOTAL CPC","0","0","TOTAL MOT","8","kg","96752176.275","true","-1","N/A","0","false","96752176.275","true","0","false","54819053.815",,"54819053.815","6","false","true",
"C","A","20250101","2025","52","2025","768","TGO","Togo","M","Import","0","W00","World","0","W00","World","H5","HS","true","6309","Textiles; worn clothing and other worn articles","4","false","C00","TOTAL CPC","0","0","TOTAL MOT","8","kg","97349275","false","8","kg","97349275","false","97349275","false","0","false","43605759.896",,"43605759.896","0","false","true",
"C","A","20250101","2025","52","2025","776","TON","Tonga","M","Import","0","W00","World","0","W00","World","H5","HS","true","6309","Textiles; worn clothing and other worn articles","4","false","C00","TOTAL CPC","0","0","TOTAL MOT","8","kg","49155.472","true","-1","N/A","0","false","49155.472","true","0","false","66017.477",,"66017.477","6","false","true",
"C","A","20250101","2025","52","2025","780","TTO","Trinidad and Tobago","M","Import","0","W00","World","0","W00","World","H6","HS","true","6309","Textiles; worn clothing and other worn articles","4","false","C00","TOTAL CPC","0","0","TOTAL MOT","8","kg","152298","false","8","kg","152298","false","152298","false","0","false","1960549.216",,"1960549.216","0","false","true",
"C","A","20250101","2025","52","2025","792","TUR","Türkiye","M","Import","0","W00","World","0","W00","World","H6","HS","true","6309","Textiles; worn clothing and other worn articles","4","false","C00","TOTAL CPC","0","0","TOTAL MOT","8","kg","31780896.398","true","-1","N/A","0","false","59067126","false","0","false","34811222","30965140.51","34811222","2","false","true",
"C","A","20250101","2025","52","2025","800","UGA","Uganda","M","Import","0","W00","World","0","W00","World","H6","HS","true","6309","Textiles; worn clothing and other worn articles","4","false","C00","TOTAL CPC","0","0","TOTAL MOT","8","kg","97516186.99","false","8","kg","97516186.99","false","97516186.99","false","0","false","118664613.68",,"118664613.68","0","false","true",
"C","A","20250101","2025","52","2025","807","MKD","North Macedonia","M","Import","0","W00","World","0","W00","World","H6","HS","true","6309","Textiles; worn clothing and other worn articles","4","false","C00","TOTAL CPC","0","0","TOTAL MOT","8","kg","2683842","false","8","kg","2683842","false","2683842","false","0","false","1178747.339",,"1178747.339","0","false","true",
"C","A","20250101","2025","52","2025","818","EGY","Egypt","M","Import","0","W00","World","0","W00","World","H6","HS","true","6309","Textiles; worn clothing and other worn articles","4","false","C00","TOTAL CPC","0","0","TOTAL MOT","8","kg","25301134.794","true","-1","N/A","0","false","25301134.794","true","0","false","33980288.104",,"33980288.104","6","false","true",
"C","A","20250101","2025","52","2025","826","GBR","United Kingdom","M","Import","0","W00","World","0","W00","World","H6","HS","true","6309","Textiles; worn clothing and other worn articles","4","false","C00","TOTAL CPC","0","0","TOTAL MOT","-1","N/A","0","false","-1","N/A","0","false",,"false","0","false","64546377.28",,"64546377.28","0","false","true",
"C","A","20250101","2025","52","2025","834","TZA","United Rep. of Tanzania","M","Import","0","W00","World","0","W00","World","H6","HS","true","6309","Textiles; worn clothing and other worn articles","4","false","C00","TOTAL CPC","0","0","TOTAL MOT","8","kg","84208495.293","false","8","kg","84208495.293","false","84208495.293","false","0","false","87199207.217",,"87199207.217","0","false","true",
"C","A","20250101","2025","52","2025","842","USA","USA","M","Import","0","W00","World","0","W00","World","H6","HS","true","6309","Textiles; worn clothing and other worn articles","4","false","C00","TOTAL CPC","0","0","TOTAL MOT","8","kg","17801399","false","8","kg","17801399","false","17801399","false","0","false","32659264","29972198","32659264","0","false","true",
"C","A","20250101","2025","52","2025","858","URY","Uruguay","M","Import","0","W00","World","0","W00","World","H6","HS","true","6309","Textiles; worn clothing and other worn articles","4","false","C00","TOTAL CPC","0","0","TOTAL MOT","8","kg","138876","false","-1","N/A","0","false","138876","false","0","false","98584",,"98584","0","false","true",
