typeCode,freqCode,refPeriodId,refYear,refMonth,period,reporterCode,reporterISO,reporterDesc,flowCode,flowDesc,partnerCode,partnerISO,partnerDesc,partner2Code,partner2ISO,partner2Desc,classificationCode,classificationSearchCode,isOriginalClassification,cmdCode,cmdDesc,aggrLevel,isLeaf,customsCode,customsDesc,mosCode,motCode,motDesc,qtyUnitCode,qtyUnitAbbr,qty,isQtyEstimated,altQtyUnitCode,altQtyUnitAbbr,altQty,isAltQtyEstimated,netWgt,isNetWgtEstimated,grossWgt,isGrossWgtEstimated,cifvalue,fobvalue,primaryValue,legacyEstimationFlag,isReported,isAggregate
"C","A","20220101","2022","52","2022","20","AND","Andorra","X","Export","0","W00","World","0","W00","World","H6","HS","true","6309","Textiles; worn clothing and other worn articles","4","false","C00","TOTAL CPC","0","0","TOTAL MOT","8","kg","539996.6","false","8","kg","539996.6","false","539996.6","false","0","false",,"651855.518","651855.518","0","false","true",
"C","A","20220101","2022","52","2022","24","AGO","Angola","X","Export","0","W00","World","0","W00","World","H5","HS","true","6309","Textiles; worn clothing and other worn articles","4","false","C00","TOTAL CPC","0","0","TOTAL MOT","8","kg","440797.901","false","8","kg","440797.901","false","440797.901","false","0","false","611988.17","608645.34","608645.34","0","false","true",
"C","A","20220101","2022","52","2022","28","ATG","Antigua and Barbuda","X","Export","0","W00","World","0","W00","World","H3","HS","true","6309","Textiles; worn clothing and other worn articles","4","false","C00","TOTAL CPC","0","0","TOTAL MOT","8","kg","8699.32","false","5","u","454","false","8699.32","false","0","false",,"23212.459","23212.459","0","false","true",
"C","A","20220101","2022","52","2022","31","AZE","Azerbaijan","X","Export","0","W00","World","0","W00","World","H6","HS","true","6309","Textiles; worn clothing and other worn articles","4","false","C00","TOTAL CPC","0","0","TOTAL MOT","8","kg","37751.63","false","8","kg","37751.63","false","37751.63","false","0","false",,"136992.42","136992.42","0","false","true",
"C","A","20220101","2022","52","2022","36","AUS","Australia","X","Export","0","W00","World","0","W00","World","H6","HS","true","6309","Textiles; worn clothing and other worn articles","4","false","C00","TOTAL CPC","0","0","TOTAL MOT","-1","N/A","0","false","-1","N/A","0","false",,"false","111728748.17","false",,"65256682.523","65256682.523","0","false","true",
"C","A","20220101","2022","52","2022","40","AUT","Austria","X","Export","0","W00","World","0","W00","World","H6","HS","true","6309","Textiles; worn clothing and other worn articles","4","false","C00","TOTAL CPC","0","0","TOTAL MOT","8","kg","32117575","false","8","kg","32117575","false","32117575","false","0","false",,"21766100.281","21766100.281","0","false","true",
"C","A","20220101","2022","52","2022","44","BHS","Bahamas","X","Export","0","W00","World","0","W00","World","H5","HS","true","6309","Textiles; worn clothing and other worn articles","4","false","C00","TOTAL CPC","0","0","TOTAL MOT","8","kg","119344.278","true","-1","N/A","0","false","119344.278","true","0","false",,"827264","827264","6","false","true",
"C","A","20220101","2022","52","2022","48","BHR","Bahrain","X","Export","0","W00","World","0","W00","World","H6","HS","true","6309","Textiles; worn clothing and other worn articles","4","false","C00","TOTAL CPC","0","0","TOTAL MOT","8","kg","2978122.5","false","5","u","285222","false","2978122.5","false","0","false",,"2157318.557","2157318.557","0","false","true",
"C","A","20220101","2022","52","2022","51","ARM","Armenia","X","Export","0","W00","World","0","W00","World","H6","HS","true","6309","Textiles; worn clothing and other worn articles","4","false","C00","TOTAL CPC","0","0","TOTAL MOT","8","kg","38873.5","false","8","kg","38873.5","false","38873.5","false","0","false",,"162179.41","162179.41","0","false","true",
"C","A","20220101","2022","52","2022","56","BEL","Belgium","X","Export","0","W00","World","0","W00","World","H6","HS","true","6309","Textiles; worn clothing and other worn articles","4","false","C00","TOTAL CPC","0","0","TOTAL MOT","8","kg","151291039.87","false","8","kg","151291039.87","false","151291039.87","false","0","false",,"125849233.921","125849233.921","0","false","true",
"C","A","20220101","2022","52","2022","70","BIH","Bosnia Herzegovina","X","Export","0","W00","World","0","W00","World","H6","HS","true","6309","Textiles; worn clothing and other worn articles","4","false","C00","TOTAL CPC","0","0","TOTAL MOT","8","kg","18499.99","false","8","kg","18499.99","false","18499.99","false","0","false",,"56528.17","56528.17","0","false","true",
"C","A","20220101","2022","52","2022","72","BWA","Botswana","X","Export","0","W00","World","0","W00","World","H6","HS","true","6309","Textiles; worn clothing and other worn articles","4","false","C00","TOTAL CPC","0","0","TOTAL MOT","8","kg","40779","false","-1","N/A","0","false","80564.42","false","0","false",,"145712.487","145712.487","0","false","true",
"C","A","20220101","2022","52","2022","76","BRA","Brazil","X","Export","0","W00","World","0","W00","World","H6","HS","true","6309","Textiles; worn clothing and other worn articles","4","false","C00","TOTAL CPC","0","0","TOTAL MOT","-1","N/A","0","false","-1","N/A","0","false","0","false","0","false","0","84332","84332","0","false","true",
"C","A","20220101","2022","52","2022","84","BLZ","Belize","X","Export","0","W00","World","0","W00","World","H5","HS","true","6309","Textiles; worn clothing and other worn articles","4","false","C00","TOTAL CPC","0","0","TOTAL MOT","8","kg","21861.78","false","8","kg","21861.78","false","21861.78","false","0","false",,"254350","254350","0","false","true",
"C","A","20220101","2022","52","2022","96","BRN","Brunei Darussalam","X","Export","0","W00","World","0","W00","World","H5","HS","true","6309","Textiles; worn clothing and other worn articles","4","false","C00","TOTAL CPC","0","0","TOTAL MOT","8","kg","44.55","false","8","kg","44.55","false","44.55","false","0","false",,"685.482","685.482","0","false","true",
"C","A","20220101","2022","52","2022","100","BGR","Bulgaria","X","Export","0","W00","World","0","W00","World","H6","HS","true","6309","Textiles; worn clothing and other worn articles","4","false","C00","TOTAL CPC","0","0","TOTAL MOT","8","kg","34710542","false","8","kg","34710542","false","34710542","false","0","false",,"68938352.715","68938352.715","0","false","true",
"C","A","20220101","2022","52","2022","104","MMR","Myanmar","X","Export","0","W00","World","0","W00","World","H6","HS","true","6309","Textiles; worn clothing and other worn articles","4","false","C00","TOTAL CPC","0","0","TOTAL MOT","8","kg","825020.92","false","8","kg","825020.92","false","825020.92","false","0","false",,"459881","459881","0","false","true",
"C","A","20220101","2022","52","2022","108","BDI","Burundi","X","Export","0","W00","World","0","W00","World","H6","HS","true","6309","Textiles; worn clothing and other worn articles","4","false","C00","TOTAL CPC","0","0","TOTAL MOT","8","kg","1310902","false","8","kg","1310902","false","1308194","false","0","false",,"1413784.213","1413784.213","0","false","true",
"C","A","20220101","2022","52","2022","116","KHM","Cambodia","X","Export","0","W00","World","0","W00","World","H6","HS","true","6309","Textiles; worn clothing and other worn articles","4","false","C00","TOTAL CPC","0","0","TOTAL MOT","8","kg","3439294.1","false","8","kg","3439294.1","false","3439294.1","false","0","false",,"3137561.67","3137561.67","0","false","true",
"C","A","20220101","2022","52","2022","120","CMR","Cameroon","X","Export","0","W00","World","0","W00","World","H6","HS","true","6309","Textiles; worn clothing and other worn articles","4","false","C00","TOTAL CPC","0","0","TOTAL MOT","8","kg","450","false","8","kg","450","false","450","false","0","false",,"322.85","322.85","0","false","true",
"C","A","20220101","2022","52","2022","124","CAN","Canada","X","Export","0","W00","World","0","W00","World","H6","HS","true","6309","Textiles; worn clothing and other worn articles","4","false","C00","TOTAL CPC","0","0","TOTAL MOT","8","kg","125555729.547","true","-1","N/A","0","false","125555729.547","true","0","false",,"149528892.66","149528892.66","6","false","true",
"C","A","20220101","2022","52","2022","132","CPV","Cabo Verde","X","Export","0","W00","World","0","W00","World","H5","HS","true","6309","Textiles; worn clothing and other worn articles","4","false","C00","TOTAL CPC","0","0","TOTAL MOT","8","kg","1607","false","8","kg","1607","false","1607","false","0","false","3414.157","3414.157","3414.157","0","false","true",
"C","A","20220101","2022","52","2022","136","CYM","Cayman Isds","X","Export","0","W00","World","0","W00","World","H5","HS","true","6309","Textiles; worn clothing and other worn articles","4","false","C00","TOTAL CPC","0","0","TOTAL MOT","8","kg","39238.197","true","-1","N/A","0","false","39238.197","true","0","false",,"46730.199","46730.199","6","false","true",
"C","A","20220101","2022","52","2022","140","CAF","Central African Rep.","X","Export","0","W00","World","0","W00","World","H5","HS","true","6309","Textiles; worn clothing and other worn articles","4","false","C00","TOTAL CPC","0","0","TOTAL MOT","8","kg","15557","false","8","kg","15557","false","15557","false","0","false",,"83963.039","83963.039","0","false","true",
"C","A","20220101","2022","52","2022","144","LKA","Sri Lanka","X","Export","0","W00","World","0","W00","World","H5","HS","true","6309","Textiles; worn clothing and other worn articles","4","false","C00","TOTAL CPC","0","0","TOTAL MOT","8","kg","90291.35","false","8","kg","90291.35","false","90291.35","false","0","false","0","194984.421","194984.421","0","false","true",
"C","A","20220101","2022","52","2022","152","CHL","Chile","X","Export","0","W00","World","0","W00","World","H6","HS","true","6309","Textiles; worn clothing and other worn articles","4","false","C00","TOTAL CPC","0","0","TOTAL MOT","8","kg","8553359.86","false","8","kg","8553359.86","false","8553359.86","false","0","false",,"38140422.87","38140422.87","0","false","true",
"C","A","20220101","2022","52","2022","156","CHN","China","X","Export","0","W00","World","0","W00","World","H6","HS","true","6309","Textiles; worn clothing and other worn articles","4","false","C00","TOTAL CPC","0","0","TOTAL MOT","8","kg","603666210.648","true","-1","N/A","0","false","603666210.648","true","0","false",,"868199814","868199814","6","false","true",
"C","A","20220101","2022","52","2022","170","COL","Colombia","X","Export","0","W00","World","0","W00","World","H6","HS","true","6309","Textiles; worn clothing and other worn articles","4","false","C00","TOTAL CPC","0","0","TOTAL MOT","8","kg","116.96","false","8","kg","116.96","false","116.96","false","0","false",,"6284.18","6284.18","0","false","true",
"C","A","20220101","2022","52","2022","178","COG","Congo","X","Export","0","W00","World","0","W00","World","H5","HS","true","6309","Textiles; worn clothing and other worn articles","4","false","C00","TOTAL CPC","0","0","TOTAL MOT","8","kg","60580","false","8","kg","60580","false","60580","false","0","false",,"27578.6","27578.6","0","false","true",
"C","A","20220101","2022","52","2022","180","COD","Dem. Rep. of the Congo","X","Export","0","W00","World","0","W00","World","H4","HS","true","6309","Textiles; worn clothing and other worn articles","4","false","C00","TOTAL CPC","0","0","TOTAL MOT","8","kg","171740","false","8","kg","171740","false","171740","false","0","false",,"1592981.935","1592981.935","0","false","true",
"C","A","20220101","2022","52","2022","188","CRI","Costa Rica","X","Export","0","W00","World","0","W00","World","H6","HS","true","6309","Textiles; worn clothing and other worn articles","4","false","C00","TOTAL CPC","0","0","TOTAL MOT","8","kg","72469.343","false","8","kg","72469.343","false","72469.343","false","0","false",,"98227.1","98227.1","0","false","true",
"C","A","20220101","2022","52","2022","191","HRV","Croatia","X","Export","0","W00","World","0","W00","World","H6","HS","true","6309","Textiles; worn clothing and other worn articles","4","false","C00","TOTAL CPC","0","0","TOTAL MOT","8","kg","1381917","false","8","kg","1381917","false","1381917","false","0","false",,"498199","498199","0","false","true",
"C","A","20220101","2022","52","2022","196","CYP","Cyprus","X","Export","0","W00","World","0","W00","World","H6","HS","true","6309","Textiles; worn clothing and other worn articles","4","false","C00","TOTAL CPC","0","0","TOTAL MOT","8","kg","2735179","false","8","kg","2735179","false","2735179","false","0","false",,"911692.647","911692.647","0","false","true",
"C","A","20220101","2022","52","2022","203","CZE","Czechia","X","Export","0","W00","World","0","W00","World","H6","HS","true","6309","Textiles; worn clothing and other worn articles","4","false","C00","TOTAL CPC","0","0","TOTAL MOT","8","kg","28765698.262","true","-1","N/A","0","false","28765698.262","true","0","false",,"17131310","17131310","6","false","true",
"C","A","20220101","2022","52","2022","204","BEN","Benin","X","Export","0","W00","World","0","W00","World","H6","HS","true","6309","Textiles; worn clothing and other worn articles","4","false","C00","TOTAL CPC","0","0","TOTAL MOT","8","kg","1313505","false","8","kg","1313505","false","1313505","false","0","false",,"3243863.726","3243863.726","0","false","true",
"C","A","20220101","2022","52","2022","208","DNK","Denmark","X","Export","0","W00","World","0","W00","World","H6","HS","true","6309","Textiles; worn clothing and other worn articles","4","false","C00","TOTAL CPC","0","0","TOTAL MOT","8","kg","15497271","false","8","kg","15497271","false","15497271","false","0","false",,"8058374.18","8058374.18","0","false","true",
"C","A","20220101","2022","52","2022","212","DMA","Dominica","X","Export","0","W00","World","0","W00","World","H5","HS","true","6309","Textiles; worn clothing and other worn articles","4","false","C00","TOTAL CPC","0","0","TOTAL MOT","8","kg","5229","false","8","kg","5229","false","5229","false","0","false",,"29075.156","29075.156","0","false","true",
"C","A","20220101","2022","52","2022","214","DOM","Dominican Rep.","X","Export","0","W00","World","0","W00","World","H5","HS","true","6309","Textiles; worn clothing and other worn articles","4","false","C00","TOTAL CPC","0","0","TOTAL MOT","8","kg","97625.299","true","-1","N/A","0","false","97625.299","true","0","false",,"122719.664","122719.664","6","false","true",
"C","A","20220101","2022","52","2022","222","SLV","El Salvador","X","Export","0","W00","World","0","W00","World","H6","HS","true","6309","Textiles; worn clothing and other worn articles","4","false","C00","TOTAL CPC","0","0","TOTAL MOT","8","kg","394300.48","false","8","kg","394300.48","false","394300.48","false","0","false","0","926346.15","926346.15","0","false","true",
"C","A","20220101","2022","52","2022","233","EST","Estonia","X","Export","0","W00","World","0","W00","World","H6","HS","true","6309","Textiles; worn clothing and other worn articles","4","false","C00","TOTAL CPC","0","0","TOTAL MOT","8","kg","5201509.17","false","8","kg","5201509.17","false","5201509.17","false","0","false",,"3350911.1","3350911.1","0","false","true",
"C","A","20220101","2022","52","2022","242","FJI","Fiji","X","Export","0","W00","World","0","W00","World","H6","HS","true","6309","Textiles; worn clothing and other worn articles","4","false","C00","TOTAL CPC","0","0","TOTAL MOT","8","kg","5413.85","false","8","kg","5413.85","false","5413.85","false","0","false",,"4444.43","4444.43","0","false","true",
"C","A","20220101","2022","52","2022","246","FIN","Finland","X","Export","0","W00","World","0","W00","World","H6","HS","true","6309","Textiles; worn clothing and other worn articles","4","false","C00","TOTAL CPC","0","0","TOTAL MOT","8","kg","13010158.579","true","-1","N/A","0","false","13010158.579","true","0","false",,"12713697.258","12713697.258","6","false","true",
"C","A","20220101","2022","52","2022","251","FRA","France","X","Export","0","W00","World","0","W00","World","H6","HS","true","6309","Textiles; worn clothing and other worn articles","4","false","C00","TOTAL CPC","0","0","TOTAL MOT","-1","N/A","0","false","-1","N/A","0","false",,"false","0","false",,"103462586.294","103462586.294","0","false","true",
"C","A","20220101","2022","52","2022","262","DJI","Djibouti","X","Export","0","W00","World","0","W00","World","H3","HS","true","6309","Textiles; worn clothing and other worn articles","4","false","C00","TOTAL CPC","0","0","TOTAL MOT","8","kg","8954824.91","false","8","kg","8954824.91","false","8954824.91","false","0","false",,"6857518.567","6857518.567","0","false","true",
"C","A","20220101","2022","52","2022","266","GAB","Gabon","X","Export","0","W00","World","0","W00","World","H5","HS","true","6309","Textiles; worn clothing and other worn articles","4","false","C00","TOTAL CPC","0","0","TOTAL MOT","8","kg","8656","false","8","kg","8656","false","8656","false","0","false",,"9429.233","9429.233","0","false","true",
"C","A","20220101","2022","52","2022","268","GEO","Georgia","X","Export","0","W00","World","0","W00","World","H5","HS","true","6309","Textiles; worn clothing and other worn articles","4","false","C00","TOTAL CPC","0","0","TOTAL MOT","8","kg","235383.1","false","8","kg","235383.1","false","235383.1","false","0","false",,"489927.149","489927.149","0","false","true",
"C","A","20220101","2022","52","2022","270","GMB","Gambia","X","Export","0","W00","World","0","W00","World","H6","HS","true","6309","Textiles; worn clothing and other worn articles","4","false","C00","TOTAL CPC","0","0","TOTAL MOT","8","kg","180","false","8","kg","180","false","180","false","0","false",,"202.119","202.119","0","false","true",
"C","A","20220101","2022","52","2022","276","DEU","Germany","X","Export","0","W00","World","0","W00","World","H6","HS","true","6309","Textiles; worn clothing and other worn articles","4","false","C00","TOTAL CPC","0","0","TOTAL MOT","-1","N/A","0","false","-1","N/A","0","false",,"false","0","false",,"346093342.052","346093342.052","0","false","true",
"C","A","20220101","2022","52","2022","288","GHA","Ghana","X","Export","0","W00","World","0","W00","World","H5","HS","true","6309","Textiles; worn clothing and other worn articles","4","false","C00","TOTAL CPC","0","0","TOTAL MOT","8","kg","863417","false","8","kg","835258","false","4755873.335","false","0","false",,"5941927.811","5941927.811","0","false","true",
"C","A","20220101","2022","52","2022","300","GRC","Greece","X","Export","0","W00","World","0","W00","World","H6","HS","true","6309","Textiles; worn clothing and other worn articles","4","false","C00","TOTAL CPC","0","0","TOTAL MOT","-1","N/A","0","false","-1","N/A","0","false",,"false","0","false",,"21327750.887","21327750.887","0","false","true",
"C","A","20220101","2022","52","2022","308","GRD","Grenada","X","Export","0","W00","World","0","W00","World","H4","HS","true","6309","Textiles; worn clothing and other worn articles","4","false","C00","TOTAL CPC","0","0","TOTAL MOT","8","kg","175","false","8","kg","175","false","175","false","0","false","0","185.185","185.185","0","false","true",
"C","A","20220101","2022","52","2022","320","GTM","Guatemala","X","Export","0","W00","World","0","W00","World","H6","HS","true","6309","Textiles; worn clothing and other worn articles","4","false","C00","TOTAL CPC","0","0","TOTAL MOT","8","kg","1346912","false","8","kg","1346912","false","1346912","false","0","false",,"1647791","1647791","0","false","true",
"C","A","20220101","2022","52","2022","328","GUY","Guyana","X","Export","0","W00","World","0","W00","World","H5","HS","true","6309","Textiles; worn clothing and other worn articles","4","false","C00","TOTAL CPC","0","0","TOTAL MOT","8","kg","32462.54","false","5","u","36144","false","32462.54","false","0","false",,"122594.032","122594.032","0","false","true",
"C","A","20220101","2022","52","2022","344","HKG","China, Hong Kong SAR","X","Export","0","W00","World","0","W00","World","H6","HS","true","6309","Textiles; worn clothing and other worn articles","4","false","C00","TOTAL CPC","0","0","TOTAL MOT","8","kg","15096599","false","8","kg","15096599","false","15096599","false","0","false",,"22772494.616","22772494.616","0","false","true",
"C","A","20220101","2022","52","2022","348","HUN","Hungary","X","Export","0","W00","World","0","W00","World","H6","HS","true","6309","Textiles; worn clothing and other worn articles","4","false","C00","TOTAL CPC","0","0","TOTAL MOT","8","kg","68141461.046","true","-1","N/A","0","false","68141427.126","true","0","false",,"88471709","88471709","6","false","true",
"C","A","20220101","2022","52","2022","352","ISL","Iceland","X","Export","0","W00","World","0","W00","World","H6","HS","true","6309","Textiles; worn clothing and other worn articles","4","false","C00","TOTAL CPC","0","0","TOTAL MOT","8","kg","2185027","false","8","kg","2185027","false","2185027","false","0","false",,"642071.537","642071.537","0","false","true",
"C","A","20220101","2022","52","2022","360","IDN","Indonesia","X","Export","0","W00","World","0","W00","World","H6","HS","true","6309","Textiles; worn clothing and other worn articles","4","false","C00","TOTAL CPC","0","0","TOTAL MOT","8","kg","71373.408","false","8","kg","71373.408","false","71373.408","false","0","false",,"88103.113","88103.113","0","false","true",
"C","A","20220101","2022","52","2022","364","IRN","Iran","X","Export","0","W00","World","0","W00","World","H6","HS","true","6309","Textiles; worn clothing and other worn articles","4","false","C00","TOTAL CPC","0","0","TOTAL MOT","8","kg","34456","false","8","kg","34456","false","34456","false","0","false",,"121713","121713","0","false","true",
"C","A","20220101","2022","52","2022","372","IRL","Ireland","X","Export","0","W00","World","0","W00","World","H6","HS","true","6309","Textiles; worn clothing and other worn articles","4","false","C00","TOTAL CPC","0","0","TOTAL MOT","-1","N/A","0","false","-1","N/A","0","false",,"false","0","false",,"12454523.035","12454523.035","0","false","true",
"C","A","20220101","2022","52","2022","376","ISR","Israel","X","Export","0","W00","World","0","W00","World","H6","HS","true","6309","Textiles; worn clothing and other worn articles","4","false","C00","TOTAL CPC","0","0","TOTAL MOT","8","kg","5996961.554","true","-1","N/A","0","false","5996961.554","true","0","false",,"7142000","7142000","6","false","true",
"C","A","20220101","2022","52","2022","380","ITA","Italy","X","Export","0","W00","World","0","W00","World","H6","HS","true","6309","Textiles; worn clothing and other worn articles","4","false","C00","TOTAL CPC","0","0","TOTAL MOT","8","kg","181494236","false","8","kg","181494236","false","181494236","false","0","false",,"135903894.12","135903894.12","0","false","true",
"C","A","20220101","2022","52","2022","384","CIV","Côte d'Ivoire","X","Export","0","W00","World","0","W00","World","H5","HS","true","6309","Textiles; worn clothing and other worn articles","4","false","C00","TOTAL CPC","0","0","TOTAL MOT","8","kg","837586","false","8","kg","837586","false","837586","false","0","false",,"106731.08","106731.08","0","false","true",
"C","A","20220101","2022","52","2022","388","JAM","Jamaica","X","Export","0","W00","World","0","W00","World","H6","HS","true","6309","Textiles; worn clothing and other worn articles","4","false","C00","TOTAL CPC","0","0","TOTAL MOT","8","kg","7660.89","false","8","kg","7660.89","false","7660.89","false","0","false",,"75472.35","75472.35","0","false","true",
"C","A","20220101","2022","52","2022","392","JPN","Japan","X","Export","0","W00","World","0","W00","World","H6","HS","true","6309","Textiles; worn clothing and other worn articles","4","false","C00","TOTAL CPC","0","0","TOTAL MOT","-1","N/A","0","false","-1","N/A","0","false","0","false","0","false","0","88451262.797","88451262.797","0","false","true",
"C","A","20220101","2022","52","2022","398","KAZ","Kazakhstan","X","Export","0","W00","World","0","W00","World","H6","HS","true","6309","Textiles; worn clothing and other worn articles","4","false","C00","TOTAL CPC","0","0","TOTAL MOT","8","kg","51777280.108","false","8","kg","51777280.108","false","51777280.108","false","0","false",,"2308793.67","2308793.67","0","false","true",
"C","A","20220101","2022","52","2022","400","JOR","Jordan","X","Export","0","W00","World","0","W00","World","H6","HS","true","6309","Textiles; worn clothing and other worn articles","4","false","C00","TOTAL CPC","0","0","TOTAL MOT","8","kg","103256.844","true","-1","N/A","0","false","103256.844","true","0","false",,"122972.338","122972.338","6","false","true",
"C","A","20220101","2022","52","2022","404","KEN","Kenya","X","Export","0","W00","World","0","W00","World","H6","HS","true","6309","Textiles; worn clothing and other worn articles","4","false","C00","TOTAL CPC","0","0","TOTAL MOT","8","kg","1852279.78","false","8","kg","1852279.78","false","1852279.78","false","0","false",,"1562097.399","1562097.399","0","false","true",
"C","A","20220101","2022","52","2022","410","KOR","Rep. of Korea","X","Export","0","W00","World","0","W00","World","H6","HS","true","6309","Textiles; worn clothing and other worn articles","4","false","C00","TOTAL CPC","0","0","TOTAL MOT","8","kg","300981126.769","true","-1","N/A","0","false","300981126.769","true","0","false",,"374088999","374088999","6","false","true",
"C","A","20220101","2022","52","2022","414","KWT","Kuwait","X","Export","0","W00","World","0","W00","World","H6","HS","true","6309","Textiles; worn clothing and other worn articles","4","false","C00","TOTAL CPC","0","0","TOTAL MOT","8","kg","6302312.485","true","-1","N/A","0","false","6302312.485","true","0","false",,"7505653.549","7505653.549","6","false","true",
"C","A","20220101","2022","52","2022","417","KGZ","Kyrgyzstan","X","Export","0","W00","World","0","W00","World","H6","HS","true","6309","Textiles; worn clothing and other worn articles","4","false","C00","TOTAL CPC","0","0","TOTAL MOT","8","kg","600668","false","8","kg","600668","false","600668","false","0","false",,"494611","494611","0","false","true",
"C","A","20220101","2022","52","2022","418","LAO","Lao People's Dem. Rep.","X","Export","0","W00","World","0","W00","World","H6","HS","true","6309","Textiles; worn clothing and other worn articles","4","false","C00","TOTAL CPC","0","0","TOTAL MOT","8","kg","114281.49","false","8","kg","114281.49","false","114281.49","false","0","false",,"549686.7","549686.7","0","false","true",
"C","A","20220101","2022","52","2022","422","LBN","Lebanon","X","Export","0","W00","World","0","W00","World","H5","HS","true","6309","Textiles; worn clothing and other worn articles","4","false","C00","TOTAL CPC","0","0","TOTAL MOT","8","kg","1060842","false","8","kg","1060842","false","1060842","false","0","false",,"1131265","1131265","0","false","true",
"C","A","20220101","2022","52","2022","426","LSO","Lesotho","X","Export","0","W00","World","0","W00","World","H5","HS","true","6309","Textiles; worn clothing and other worn articles","4","false","C00","TOTAL CPC","0","0","TOTAL MOT","8","kg","54704.15","false","8","kg","54704.15","false","54704.15","false","0","false",,"82605.305","82605.305","0","false","true",
"C","A","20220101","2022","52","2022","428","LVA","Latvia","X","Export","0","W00","World","0","W00","World","H6","HS","true","6309","Textiles; worn clothing and other worn articles","4","false","C00","TOTAL CPC","0","0","TOTAL MOT","8","kg","10986175.964","true","-1","N/A","0","false","10986175.964","true","0","false",,"23304849.69","23304849.69","6","false","true",
"C","A","20220101","2022","52","2022","430","LBR","Liberia","X","Export","0","W00","World","0","W00","World","H5","HS","true","6309","Textiles; worn clothing and other worn articles","4","false","C00","TOTAL CPC","0","0","TOTAL MOT","8","kg","78124","false","8","kg","78124","false","78124","false","0","false",,"159422.2","159422.2","0","false","true",
"C","A","20220101","2022","52","2022","440","LTU","Lithuania","X","Export","0","W00","World","0","W00","World","H6","HS","true","6309","Textiles; worn clothing and other worn articles","4","false","C00","TOTAL CPC","0","0","TOTAL MOT","8","kg","50387472.13","false","8","kg","50387472.13","false","50387472.13","false","0","false",,"87335249","87335249","0","false","true",
"C","A","20220101","2022","52","2022","442","LUX","Luxembourg","X","Export","0","W00","World","0","W00","World","H6","HS","true","6309","Textiles; worn clothing and other worn articles","4","false","C00","TOTAL CPC","0","0","TOTAL MOT","-1","N/A","0","false","-1","N/A","0","false",,"false","0","false",,"412344.895","412344.895","0","false","true",
"C","A","20220101","2022","52","2022","446","MAC","China, Macao SAR","X","Export","0","W00","World","0","W00","World","H6","HS","true","6309","Textiles; worn clothing and other worn articles","4","false","C00","TOTAL CPC","0","0","TOTAL MOT","8","kg","487109","false","8","kg","487109","false","487109","false","0","false",,"321847.939","321847.939","0","false","true",
"C","A","20220101","2022","52","2022","450","MDG","Madagascar","X","Export","0","W00","World","0","W00","World","H6","HS","true","6309","Textiles; worn clothing and other worn articles","4","false","C00","TOTAL CPC","0","0","TOTAL MOT","8","kg","64715","false","8","kg","64715","false","64620","false","0","false",,"68045.838","68045.838","0","false","true",
"C","A","20220101","2022","52","2022","454","MWI","Malawi","X","Export","0","W00","World","0","W00","World","H5","HS","true","6309","Textiles; worn clothing and other worn articles","4","false","C00","TOTAL CPC","0","0","TOTAL MOT","8","kg","397595.066","true","-1","N/A","0","false","397595.066","true","0","false",,"616496.31","616496.31","6","false","true",
"C","A","20220101","2022","52","2022","458","MYS","Malaysia","X","Export","0","W00","World","0","W00","World","H6","HS","true","6309","Textiles; worn clothing and other worn articles","4","false","C00","TOTAL CPC","0","0","TOTAL MOT","8","kg","80403057.15","false","8","kg","80403057.15","false","80403057.15","false","0","false",,"77264860.355","77264860.355","0","false","true",
"C","A","20220101","2022","52","2022","466","MLI","Mali","X","Export","0","W00","World","0","W00","World","H5","HS","true","6309","Textiles; worn clothing and other worn articles","4","false","C00","TOTAL CPC","0","0","TOTAL MOT","8","kg","30020","false","8","kg","30020","false","30020","false","0","false",,"53289.917","53289.917","0","false","true",
"C","A","20220101","2022","52","2022","470","MLT","Malta","X","Export","0","W00","World","0","W00","World","H6","HS","true","6309","Textiles; worn clothing and other worn articles","4","false","C00","TOTAL CPC","0","0","TOTAL MOT","8","kg","1076702","false","8","kg","1076702","false","1076702","false","0","false",,"852613.46","852613.46","0","false","true",
"C","A","20220101","2022","52","2022","480","MUS","Mauritius","X","Export","0","W00","World","0","W00","World","H6","HS","true","6309","Textiles; worn clothing and other worn articles","4","false","C00","TOTAL CPC","0","0","TOTAL MOT","8","kg","18626","false","8","kg","18626","false","58386","false","0","false",,"6308.634","6308.634","0","false","true",
"C","A","20220101","2022","52","2022","484","MEX","Mexico","X","Export","0","W00","World","0","W00","World","H6","HS","true","6309","Textiles; worn clothing and other worn articles","4","false","C00","TOTAL CPC","0","0","TOTAL MOT","8","kg","1967","false","8","kg","1967","false","1967","false","0","false",,"1692","1692","0","false","true",
"C","A","20220101","2022","52","2022","490","S19","Other Asia, nes","X","Export","0","W00","World","0","W00","World","H5","HS","true","6309","Textiles; worn clothing and other worn articles","4","false","C00","TOTAL CPC","0","0","TOTAL MOT","8","kg","45896108","false","8","kg","45896108","false","45896108","false","0","false",,"15866232.18","15866232.18","0","false","true",
"C","A","20220101","2022","52","2022","496","MNG","Mongolia","X","Export","0","W00","World","0","W00","World","H6","HS","true","6309","Textiles; worn clothing and other worn articles","4","false","C00","TOTAL CPC","0","0","TOTAL MOT","8","kg","494.55","false","8","kg","494.55","false","494.55","false","0","false",,"26040.289","26040.289","0","false","true",
"C","A","20220101","2022","52","2022","498","MDA","Rep. of Moldova","X","Export","0","W00","World","0","W00","World","H5","HS","true","6309","Textiles; worn clothing and other worn articles","4","false","C00","TOTAL CPC","0","0","TOTAL MOT","8","kg","70978","false","8","kg","70978","false","70978","false","0","false",,"166209","166209","0","false","true",
"C","A","20220101","2022","52","2022","499","MNE","Montenegro","X","Export","0","W00","World","0","W00","World","H6","HS","true","6309","Textiles; worn clothing and other worn articles","4","false","C00","TOTAL CPC","0","0","TOTAL MOT","8","kg","10455.4","false","8","kg","10455.4","false","10455.4","false","0","false",,"49594.447","49594.447","0","false","true",
"C","A","20220101","2022","52","2022","500","MSR","Montserrat","X","Export","0","W00","World","0","W00","World","H5","HS","true","6309","Textiles; worn clothing and other worn articles","4","false","C00","TOTAL CPC","0","0","TOTAL MOT","8","kg","335","false","8","kg","335","false","335","false","0","false",,"917.048","917.048","0","false","true",
"C","A","20220101","2022","52","2022","504","MAR","Morocco","X","Export","0","W00","World","0","W00","World","H6","HS","true","6309","Textiles; worn clothing and other worn articles","4","false","C00","TOTAL CPC","0","0","TOTAL MOT","8","kg","6611824.4","false","8","kg","6611824.4","false","6611824.4","false","0","false",,"6648860.821","6648860.821","0","false","true",
"C","A","20220101","2022","52","2022","508","MOZ","Mozambique","X","Export","0","W00","World","0","W00","World","H5","HS","true","6309","Textiles; worn clothing and other worn articles","4","false","C00","TOTAL CPC","0","0","TOTAL MOT","8","kg","2054.3","false","8","kg","2054.3","false","2055","false","0","false",,"36383.59","36383.59","0","false","true",
"C","A","20220101","2022","52","2022","512","OMN","Oman","X","Export","0","W00","World","0","W00","World","H6","HS","true","6309","Textiles; worn clothing and other worn articles","4","false","C00","TOTAL CPC","0","0","TOTAL MOT","8","kg","8096683","false","8","kg","8096683","false","8096683","false","0","false",,"3152379.709","3152379.709","0","false","true",
"C","A","20220101","2022","52","2022","516","NAM","Namibia","X","Export","0","W00","World","0","W00","World","H6","HS","true","6309","Textiles; worn clothing and other worn articles","4","false","C00","TOTAL CPC","0","0","TOTAL MOT","8","kg","127415.1","false","-1","N/A","0","false","127415.1","false","0","false",,"68147.532","68147.532","0","false","true",
"C","A","20220101","2022","52","2022","524","NPL","Nepal","X","Export","0","W00","World","0","W00","World","H6","HS","true","6309","Textiles; worn clothing and other worn articles","4","false","C00","TOTAL CPC","0","0","TOTAL MOT","8","kg","49700","false","8","kg","49700","false","49700","false","0","false",,"41955.91","41955.91","0","false","true",
"C","A","20220101","2022","52","2022","528","NLD","Netherlands","X","Export","0","W00","World","0","W00","World","H6","HS","true","6309","Textiles; worn clothing and other worn articles","4","false","C00","TOTAL CPC","0","0","TOTAL MOT","8","kg","167697043","false","8","kg","167697043","false","167674773","false","0","false",,"205338131.914","205338131.914","0","false","true",
"C","A","20220101","2022","52","2022","533","ABW","Aruba","X","Export","0","W00","World","0","W00","World","H4","HS","true","6309","Textiles; worn clothing and other worn articles","4","false","C00","TOTAL CPC","0","0","TOTAL MOT","8","kg","65517.75","false","8","kg","65517.75","false","65517.75","false","0","false",,"56460.893","56460.893","0","false","true",
"C","A","20220101","2022","52","2022","554","NZL","New Zealand","X","Export","0","W00","World","0","W00","World","H6","HS","true","6309","Textiles; worn clothing and other worn articles","4","false","C00","TOTAL CPC","0","0","TOTAL MOT","8","kg","5181985","false","8","kg","5181985","false","5181985","false","5464343","false",,"6597626.056","6597626.056","0","false","true",
"C","A","20220101","2022","52","2022","558","NIC","Nicaragua","X","Export","0","W00","World","0","W00","World","H6","HS","true","6309","Textiles; worn clothing and other worn articles","4","false","C00","TOTAL CPC","0","0","TOTAL MOT","8","kg","1407077.39","false","8","kg","1407077.39","false","1407077.39","false","0","false",,"799365.98","799365.98","0","false","true",
"C","A","20220101","2022","52","2022","562","NER","Niger","X","Export","0","W00","World","0","W00","World","H6","HS","true","6309","Textiles; worn clothing and other worn articles","4","false","C00","TOTAL CPC","0","0","TOTAL MOT","8","kg","8202240","false","8","kg","8202240","false","8202240","false","0","false",,"3419384.194","3419384.194","0","false","true",
"C","A","20220101","2022","52","2022","579","NOR","Norway","X","Export","0","W00","World","0","W00","World","H6","HS","true","6309","Textiles; worn clothing and other worn articles","4","false","C00","TOTAL CPC","0","0","TOTAL MOT","8","kg","31412781","false","8","kg","31412781","false","31412781","false","0","false",,"22844882.191","22844882.191","0","false","true",
"C","A","20220101","2022","52","2022","586","PAK","Pakistan","X","Export","0","W00","World","0","W00","World","H6","HS","true","6309","Textiles; worn clothing and other worn articles","4","false","C00","TOTAL CPC","0","0","TOTAL MOT","8","kg","292737410","false","8","kg","292737410","false","292737410","false","0","false",,"256189666.992","256189666.992","0","false","true",
"C","A","20220101","2022","52","2022","598","PNG","Papua New Guinea","X","Export","0","W00","World","0","W00","World","H5","HS","true","6309","Textiles; worn clothing and other worn articles","4","false","C00","TOTAL CPC","0","0","TOTAL MOT","8","kg","5156.892","true","-1","N/A","0","false","5156.892","true","0","false",,"6141.53","6141.53","6","false","true",
"C","A","20220101","2022","52","2022","600","PRY","Paraguay","X","Export","0","W00","World","0","W00","World","H6","HS","true","6309","Textiles; worn clothing and other worn articles","4","false","C00","TOTAL CPC","0","0","TOTAL MOT","8","kg","254.85","false","8","kg","254.85","false","254.85","false","0","false",,"1335.2","1335.2","0","false","true",
"C","A","20220101","2022","52","2022","604","PER","Peru","X","Export","0","W00","World","0","W00","World","H6","HS","true","6309","Textiles; worn clothing and other worn articles","4","false","C00","TOTAL CPC","0","0","TOTAL MOT","8","kg","28107.811","false","8","kg","28107.811","false","28107.811","false","0","false",,"6160","6160","0","false","true",
"C","A","20220101","2022","52","2022","608","PHL","Philippines","X","Export","0","W00","World","0","W00","World","H5","HS","true","6309","Textiles; worn clothing and other worn articles","4","false","C00","TOTAL CPC","0","0","TOTAL MOT","8","kg","58416528.403","true","-1","N/A","0","false","58416528.403","true","60471194.61","false",,"17592835","17592835","6","false","true",
"C","A","20220101","2022","52","2022","616","POL","Poland","X","Export","0","W00","World","0","W00","World","H6","HS","true","6309","Textiles; worn clothing and other worn articles","4","false","C00","TOTAL CPC","0","0","TOTAL MOT","8","kg","177904947.469","true","-1","N/A","0","false","177904947.469","true","0","false",,"200218947","200218947","6","false","true",
"C","A","20220101","2022","52","2022","620","PRT","Portugal","X","Export","0","W00","World","0","W00","World","H6","HS","true","6309","Textiles; worn clothing and other worn articles","4","false","C00","TOTAL CPC","0","0","TOTAL MOT","8","kg","25871745.677","true","-1","N/A","0","false","25871745.677","true","0","false",,"15491976.799","15491976.799","6","false","true",
"C","A","20220101","2022","52","2022","626","TLS","Timor-Leste","X","Export","0","W00","World","0","W00","World","H5","HS","true","6309","Textiles; worn clothing and other worn articles","4","false","C00","TOTAL CPC","0","0","TOTAL MOT","8","kg","16026.1","false","8","kg","16026.1","false","16026.1","false","0","false",,"95727.5","95727.5","0","false","true",
"C","A","20220101","2022","52","2022","634","QAT","Qatar","X","Export","0","W00","World","0","W00","World","H6","HS","true","6309","Textiles; worn clothing and other worn articles","4","false","C00","TOTAL CPC","0","0","TOTAL MOT","8","kg","2728777","false","5","u","1776996","false","2728777","false","0","false",,"1453401.209","1453401.209","0","false","true",
"C","A","20220101","2022","52","2022","642","ROU","Romania","X","Export","0","W00","World","0","W00","World","H6","HS","true","6309","Textiles; worn clothing and other worn articles","4","false","C00","TOTAL CPC","0","0","TOTAL MOT","8","kg","14118643.32","false","8","kg","14118643.32","false","14118643.32","false","0","false",,"8061793.04","8061793.04","0","false","true",
"C","A","20220101","2022","52","2022","646","RWA","Rwanda","X","Export","0","W00","World","0","W00","World","H4","HS","true","6309","Textiles; worn clothing and other worn articles","4","false","C00","TOTAL CPC","0","0","TOTAL MOT","8","kg","21470296","false","8","kg","21470296","false","21470296","false","0","false","0","19900276.94","19900276.94","0","false","true",
"C","A","20220101","2022","52","2022","670","VCT","Saint Vincent and the Grenadines","X","Export","0","W00","World","0","W00","World","H3","HS","true","6309","Textiles; worn clothing and other worn articles","4","false","C00","TOTAL CPC","0","0","TOTAL MOT","8","kg","198","false","8","kg","198","false","198","false","0","false",,"753.166","753.166","0","false","true",
"C","A","20220101","2022","52","2022","678","STP","Sao Tome and Principe","X","Export","0","W00","World","0","W00","World","H3","HS","true","6309","Textiles; worn clothing and other worn articles","4","false","C00","TOTAL CPC","0","0","TOTAL MOT","8","kg","3820","false","8","kg","3820","false","3820","false","4091","false",,"19187.64","19187.64","0","false","true",
"C","A","20220101","2022","52","2022","682","SAU","Saudi Arabia","X","Export","0","W00","World","0","W00","World","H6","HS","true","6309","Textiles; worn clothing and other worn articles","4","false","C00","TOTAL CPC","0","0","TOTAL MOT","8","kg","33244958","false","8","kg","33244958","false","33244958","false","0","false",,"17942615.018","17942615.018","0","false","true",
"C","A","20220101","2022","52","2022","686","SEN","Senegal","X","Export","0","W00","World","0","W00","World","H6","HS","true","6309","Textiles; worn clothing and other worn articles","4","false","C00","TOTAL CPC","0","0","TOTAL MOT","8","kg","75320","false","8","kg","75320","false","75320","false","0","false",,"15228.036","15228.036","0","false","true",
"C","A","20220101","2022","52","2022","688","SRB","Serbia","X","Export","0","W00","World","0","W00","World","H6","HS","true","6309","Textiles; worn clothing and other worn articles","4","false","C00","TOTAL CPC","0","0","TOTAL MOT","8","kg","428275","false","8","kg","428275","false","428275","false","0","false",,"120622","120622","0","false","true",
"C","A","20220101","2022","52","2022","690","SYC","Seychelles","X","Export","0","W00","World","0","W00","World","H5","HS","true","6309","Textiles; worn clothing and other worn articles","4","false","C00","TOTAL CPC","0","0","TOTAL MOT","-1","N/A","0","false","-1","N/A","0","false",,"false","0","false",,"0.701","0.701","0","false","true",
"C","A","20220101","2022","52","2022","699","IND","India","X","Export","0","W00","World","0","W00","World","H6","HS","true","6309","Textiles; worn clothing and other worn articles","4","false","C00","TOTAL CPC","0","0","TOTAL MOT","8","kg","71781896.924","true","-1","N/A","0","false","71781896.924","true","0","false",,"95060598.581","95060598.581","6","false","true",
"C","A","20220101","2022","52","2022","702","SGP","Singapore","X","Export","0","W00","World","0","W00","World","H6","HS","true","6309","Textiles; worn clothing and other worn articles","4","false","C00","TOTAL CPC","0","0","TOTAL MOT","8","kg","7397253.541","true","-1","N/A","0","false","7397253.541","true","0","false",,"9716527.787","9716527.787","6","false","true",
"C","A","20220101","2022","52","2022","703","SVK","Slovakia","X","Export","0","W00","World","0","W00","World","H6","HS","true","6309","Textiles; worn clothing and other worn articles","4","false","C00","TOTAL CPC","0","0","TOTAL MOT","8","kg","22838966","false","8","kg","22838966","false","22838966","false","0","false",,"25514421.614","25514421.614","0","false","true",
"C","A","20220101","2022","52","2022","704","VNM","Viet Nam","X","Export","0","W00","World","0","W00","World","H6","HS","true","6309","Textiles; worn clothing and other worn articles","4","false","C00","TOTAL CPC","0","0","TOTAL MOT","8","kg","1290419.494","true","-1","N/A","0","false","1290419.494","true","0","false",,"1536807.589","1536807.589","6","false","true",
"C","A","20220101","2022","52","2022","705","SVN","Slovenia","X","Export","0","W00","World","0","W00","World","H6","HS","true","6309","Textiles; worn clothing and other worn articles","4","false","C00","TOTAL CPC","0","0","TOTAL MOT","8","kg","2366126.794","false","8","kg","2366126.794","false","2366126.794","false","0","false",,"994104.851","994104.851","0","false","true",
"C","A","20220101","2022","52","2022","710","ZAF","South Africa","X","Export","0","W00","World","0","W00","World","H6","HS","true","6309","Textiles; worn clothing and other worn articles","4","false","C00","TOTAL CPC","0","0","TOTAL MOT","8","kg","1870504.57","false","8","kg","1870504.57","false","1870504.57","false","0","false",,"2059510.846","2059510.846","0","false","true",
"C","A","20220101","2022","52","2022","716","ZWE","Zimbabwe","X","Export","0","W00","World","0","W00","World","H5","HS","true","6309","Textiles; worn clothing and other worn articles","4","false","C00","TOTAL CPC","0","0","TOTAL MOT","8","kg","14471.21","false","8","kg","14471.21","false","14471.21","false","0","false",,"87328.13","87328.13","0","false","true",
"C","A","20220101","2022","52","2022","724","ESP","Spain","X","Export","0","W00","World","0","W00","World","H6","HS","true","6309","Textiles; worn clothing and other worn articles","4","false","C00","TOTAL CPC","0","0","TOTAL MOT","-1","N/A","0","false","-1","N/A","0","false",,"false","0","false",,"66006167.43","66006167.43","0","false","true",
"C","A","20220101","2022","52","2022","740","SUR","Suriname","X","Export","0","W00","World","0","W00","World","H3","HS","true","6309","Textiles; worn clothing and other worn articles","4","false","C00","TOTAL CPC","0","0","TOTAL MOT","8","kg","6260","false","5","u","1306","false","6260","false","6260","false",,"21465.1","21465.1","0","false","true",
"C","A","20220101","2022","52","2022","748","SWZ","Eswatini","X","Export","0","W00","World","0","W00","World","H6","HS","true","6309","Textiles; worn clothing and other worn articles","4","false","C00","TOTAL CPC","0","0","TOTAL MOT","8","kg","43550.5","false","8","kg","43550.5","false","43550.5","false","0","false",,"16797.37","16797.37","0","false","true",
"C","A","20220101","2022","52","2022","752","SWE","Sweden","X","Export","0","W00","World","0","W00","World","H6","HS","true","6309","Textiles; worn clothing and other worn articles","4","false","C00","TOTAL CPC","0","0","TOTAL MOT","-1","N/A","0","false","-1","N/A","0","false",,"false","0","false",,"22565386.85","22565386.85","0","false","true",
"C","A","20220101","2022","52","2022","757","CHE","Switzerland","X","Export","0","W00","World","0","W00","World","H6","HS","true","6309","Textiles; worn clothing and other worn articles","4","false","C00","TOTAL CPC","0","0","TOTAL MOT","8","kg","60375624.457","true","-1","N/A","0","false","60375624.457","true","0","false",,"53262561.654","53262561.654","6","false","true",
"C","A","20220101","2022","52","2022","762","TJK","Tajikistan","X","Export","0","W00","World","0","W00","World","H4","HS","true","6309","Textiles; worn clothing and other worn articles","4","false","C00","TOTAL CPC","0","0","TOTAL MOT","8","kg","67566.383","true","-1","N/A","0","false","67566.383","true","0","false",,"40510","40510","6","false","true",
"C","A","20220101","2022","52","2022","764","THA","Thailand","X","Export","0","W00","World","0","W00","World","H6","HS","true","6309","Textiles; worn clothing and other worn articles","4","false","C00","TOTAL CPC","0","0","TOTAL MOT","-1","N/A","0","false","-1","N/A","0","false",,"false","0","false",,"32506698.064","32506698.064","0","false","true",
"C","A","20220101","2022","52","2022","768","TGO","Togo","X","Export","0","W00","World","0","W00","World","H5","HS","true","6309","Textiles; worn clothing and other worn articles","4","false","C00","TOTAL CPC","0","0","TOTAL MOT","8","kg","11814252","false","8","kg","11814252","false","11814252","false","0","false",,"10404311.352","10404311.352","0","false","true",
"C","A","20220101","2022","52","2022","780","TTO","Trinidad and Tobago","X","Export","0","W00","World","0","W00","World","H4","HS","true","6309","Textiles; worn clothing and other worn articles","4","false","C00","TOTAL CPC","0","0","TOTAL MOT","8","kg","5129","false","8","kg","5129","false","5129","false","0","false",,"14441.275","14441.275","0","false","true",
"C","A","20220101","2022","52","2022","784","ARE","United Arab Emirates","X","Export","0","W00","World","0","W00","World","H6","HS","true","6309","Textiles; worn clothing and other worn articles","4","false","C00","TOTAL CPC","0","0","TOTAL MOT","-1","N/A","0","false","-1","N/A","0","false",,"false","0","false",,"261540936.775","261540936.775","0","false","true",
"C","A","20220101","2022","52","2022","788","TUN","Tunisia","X","Export","0","W00","World","0","W00","World","H5","HS","true","6309","Textiles; worn clothing and other worn articles","4","false","C00","TOTAL CPC","0","0","TOTAL MOT","8","kg","29103476","false","8","kg","29103476","false","29103476","false","0","false",,"21756693.551","21756693.551","0","false","true",
"C","A","20220101","2022","52","2022","792","TUR","Türkiye","X","Export","0","W00","World","0","W00","World","H6","HS","true","6309","Textiles; worn clothing and other worn articles","4","false","C00","TOTAL CPC","0","0","TOTAL MOT","8","kg","88760207","false","8","kg","88760207","false","88760207","false","0","false",,"62163193","62163193","0","false","true",
"C","A","20220101","2022","52","2022","800","UGA","Uganda","X","Export","0","W00","World","0","W00","World","H6","HS","true","6309","Textiles; worn clothing and other worn articles","4","false","C00","TOTAL CPC","0","0","TOTAL MOT","8","kg","1916362.262","true","-1","N/A","0","false","1916362.262","true","0","false",,"1258326.77","1258326.77","6","false","true",
"C","A","20220101","2022","52","2022","804","UKR","Ukraine","X","Export","0","W00","World","0","W00","World","H5","HS","true","6309","Textiles; worn clothing and other worn articles","4","false","C00","TOTAL CPC","0","0","TOTAL MOT","8","kg","7390313.85","false","8","kg","7390313.85","false","7390313.85","false","0","false",,"5172794.49","5172794.49","0","false","true",
"C","A","20220101","2022","52","2022","807","MKD","North Macedonia","X","Export","0","W00","World","0","W00","World","H6","HS","true","6309","Textiles; worn clothing and other worn articles","4","false","C00","TOTAL CPC","0","0","TOTAL MOT","8","kg","21585.656","true","-1","N/A","0","false","21585.656","true","0","false",,"23025.41","23025.41","6","false","true",
"C","A","20220101","2022","52","2022","818","EGY","Egypt","X","Export","0","W00","World","0","W00","World","H6","HS","true","6309","Textiles; worn clothing and other worn articles","4","false","C00","TOTAL CPC","0","0","TOTAL MOT","8","kg","170565.779","true","-1","N/A","0","false","170565.779","true","0","false",,"203133","203133","6","false","true",
"C","A","20220101","2022","52","2022","826","GBR","United Kingdom","X","Export","0","W00","World","0","W00","World","H6","HS","true","6309","Textiles; worn clothing and other worn articles","4","false","C00","TOTAL CPC","0","0","TOTAL MOT","-1","N/A","0","false","-1","N/A","0","false",,"false","0","false",,"441133896.78","441133896.78","0","false","true",
"C","A","20220101","2022","52","2022","834","TZA","United Rep. of Tanzania","X","Export","0","W00","World","0","W00","World","H6","HS","true","6309","Textiles; worn clothing and other worn articles","4","false","C00","TOTAL CPC","0","0","TOTAL MOT","8","kg","598989.993","true","-1","N/A","0","false","598989.993","true","0","false",,"208909.43","208909.43","6","false","true",
"C","A","20220101","2022","52","2022","842","USA","USA","X","Export","0","W00","World","0","W00","World","H6","HS","true","6309","Textiles; worn clothing and other worn articles","4","false","C00","TOTAL CPC","0","0","TOTAL MOT","-1","N/A","0","false","-1","N/A","0","false",,"false","0","false",,"953595627","953595627","0","false","true",
"C","A","20220101","2022","52","2022","854","BFA","Burkina Faso","X","Export","0","W00","World","0","W00","World","H6","HS","true","6309","Textiles; worn clothing and other worn articles","4","false","C00","TOTAL CPC","0","0","TOTAL MOT","8","kg","112565","false","8","kg","112565","false","112565","false","0","false",,"56624.544","56624.544","0","false","true",
"C","A","20220101","2022","52","2022","858","URY","Uruguay","X","Export","0","W00","World","0","W00","World","H6","HS","true","6309","Textiles; worn clothing and other worn articles","4","false","C00","TOTAL CPC","0","0","TOTAL MOT","8","kg","18.853","false","8","kg","18.853","false","18.853","false","0","false",,"364","364","0","false","true",
"C","A","20220101","2022","52","2022","860","UZB","Uzbekistan","X","Export","0","W00","World","0","W00","World","H5","HS","true","6309","Textiles; worn clothing and other worn articles","4","false","C00","TOTAL CPC","0","0","TOTAL MOT","8","kg","5070","false","21","1000 KG","5.07","false","5070","false","0","false","0","4311","4311","0","false","true",
"C","A","20220101","2022","52","2022","882","WSM","Samoa","X","Export","0","W00","World","0","W00","World","H5","HS","true","6309","Textiles; worn clothing and other worn articles","4","false","C00","TOTAL CPC","0","0","TOTAL MOT","8","kg","5180.04","false","8","kg","5180.04","false","5180.04","false","0","false",,"3952.228","3952.228","0","false","true",
"C","A","20220101","2022","52","2022","894","ZMB","Zambia","X","Export","0","W00","World","0","W00","World","H6","HS","true","6309","Textiles; worn clothing and other worn articles","4","false","C00","TOTAL CPC","0","0","TOTAL MOT","8","kg","69420.65","false","8","kg","69420.65","false","69420.65","false","0","false",,"182292.973","182292.973","0","false","true",
"C","A","20230101","2023","52","2023","8","ALB","Albania","X","Export","0","W00","World","0","W00","World","H6","HS","true","6309","Textiles; worn clothing and other worn articles","4","false","C00","TOTAL CPC","0","0","TOTAL MOT","8","kg","18469.5","false","8","kg","18469.5","false","18469.5","false","0","false",,"35817.872","35817.872","0","false","true",
"C","A","20230101","2023","52","2023","20","AND","Andorra","X","Export","0","W00","World","0","W00","World","H6","HS","true","6309","Textiles; worn clothing and other worn articles","4","false","C00","TOTAL CPC","0","0","TOTAL MOT","8","kg","326499.1","false","8","kg","326499.1","false","326499.1","false","0","false",,"214173.612","214173.612","0","false","true",
"C","A","20230101","2023","52","2023","24","AGO","Angola","X","Export","0","W00","World","0","W00","World","H5","HS","true","6309","Textiles; worn clothing and other worn articles","4","false","C00","TOTAL CPC","0","0","TOTAL MOT","8","kg","1256911.281","false","8","kg","1256911.281","false","1256911.281","false","0","false","556736.41","552146.62","552146.62","0","false","true",
"C","A","20230101","2023","52","2023","28","ATG","Antigua and Barbuda","X","Export","0","W00","World","0","W00","World","H3","HS","true","6309","Textiles; worn clothing and other worn articles","4","false","C00","TOTAL CPC","0","0","TOTAL MOT","8","kg","511.98","false","5","u","8","false","511.98","false","0","false",,"2578.274","2578.274","0","false","true",
"C","A","20230101","2023","52","2023","31","AZE","Azerbaijan","X","Export","0","W00","World","0","W00","World","H6","HS","true","6309","Textiles; worn clothing and other worn articles","4","false","C00","TOTAL CPC","0","0","TOTAL MOT","8","kg","2830972.14","false","8","kg","2830972.14","false","2830972.14","false","0","false",,"382137.6","382137.6","0","false","true",
"C","A","20230101","2023","52","2023","36","AUS","Australia","X","Export","0","W00","World","0","W00","World","H6","HS","true","6309","Textiles; worn clothing and other worn articles","4","false","C00","TOTAL CPC","0","0","TOTAL MOT","-1","N/A","0","false","-1","N/A","0","false",,"false","113715217.18","false",,"68464882.846","68464882.846","0","false","true",
"C","A","20230101","2023","52","2023","40","AUT","Austria","X","Export","0","W00","World","0","W00","World","H6","HS","true","6309","Textiles; worn clothing and other worn articles","4","false","C00","TOTAL CPC","0","0","TOTAL MOT","8","kg","31604443.242","true","-1","N/A","0","false","31604443.242","true","0","false",,"24168616.752","24168616.752","6","false","true",
"C","A","20230101","2023","52","2023","44","BHS","Bahamas","X","Export","0","W00","World","0","W00","World","H6","HS","true","6309","Textiles; worn clothing and other worn articles","4","false","C00","TOTAL CPC","0","0","TOTAL MOT","8","kg","167894.502","true","-1","N/A","0","false","167894.502","true","0","false",,"1079772","1079772","6","false","true",
"C","A","20230101","2023","52","2023","48","BHR","Bahrain","X","Export","0","W00","World","0","W00","World","H6","HS","true","6309","Textiles; worn clothing and other worn articles","4","false","C00","TOTAL CPC","0","0","TOTAL MOT","8","kg","2331401.664","true","-1","N/A","0","false","2331401.664","true","0","false",,"2712933.662","2712933.662","6","false","true",
"C","A","20230101","2023","52","2023","51","ARM","Armenia","X","Export","0","W00","World","0","W00","World","H6","HS","true","6309","Textiles; worn clothing and other worn articles","4","false","C00","TOTAL CPC","0","0","TOTAL MOT","8","kg","46177.8","false","8","kg","46177.8","false","46177.8","false","0","false",,"165318.89","165318.89","0","false","true",
"C","A","20230101","2023","52","2023","56","BEL","Belgium","X","Export","0","W00","World","0","W00","World","H6","HS","true","6309","Textiles; worn clothing and other worn articles","4","false","C00","TOTAL CPC","0","0","TOTAL MOT","8","kg","141360078.07","false","8","kg","141360078.07","false","141360078.07","false","0","false",,"128800208.888","128800208.888","0","false","true",
"C","A","20230101","2023","52","2023","70","BIH","Bosnia Herzegovina","X","Export","0","W00","World","0","W00","World","H6","HS","true","6309","Textiles; worn clothing and other worn articles","4","false","C00","TOTAL CPC","0","0","TOTAL MOT","8","kg","455736.41","false","8","kg","455736.41","false","455736.41","false","0","false",,"3193881.771","3193881.771","0","false","true",
"C","A","20230101","2023","52","2023","72","BWA","Botswana","X","Export","0","W00","World","0","W00","World","H6","HS","true","6309","Textiles; worn clothing and other worn articles","4","false","C00","TOTAL CPC","0","0","TOTAL MOT","8","kg","98353","false","8","kg","98353","false","98927.96","false","0","false",,"123818.773","123818.773","0","false","true",
"C","A","20230101","2023","52","2023","76","BRA","Brazil","X","Export","0","W00","World","0","W00","World","H6","HS","true","6309","Textiles; worn clothing and other worn articles","4","false","C00","TOTAL CPC","0","0","TOTAL MOT","-1","N/A","0","false","-1","N/A","0","false",,"false","0","false",,"262499","262499","0","false","true",
"C","A","20230101","2023","52","2023","84","BLZ","Belize","X","Export","0","W00","World","0","W00","World","H6","HS","true","6309","Textiles; worn clothing and other worn articles","4","false","C00","TOTAL CPC","0","0","TOTAL MOT","8","kg","46311","false","8","kg","46311","false","46311","false","0","false",,"177775","177775","0","false","true",
"C","A","20230101","2023","52","2023","96","BRN","Brunei Darussalam","X","Export","0","W00","World","0","W00","World","H6","HS","true","6309","Textiles; worn clothing and other worn articles","4","false","C00","TOTAL CPC","0","0","TOTAL MOT","8","kg","114.65","false","8","kg","114.65","false","114.65","false","0","false",,"514.653","514.653","0","false","true",
"C","A","20230101","2023","52","2023","100","BGR","Bulgaria","X","Export","0","W00","World","0","W00","World","H6","HS","true","6309","Textiles; worn clothing and other worn articles","4","false","C00","TOTAL CPC","0","0","TOTAL MOT","8","kg","35605555","false","8","kg","35605555","false","35605555","false","0","false",,"79273005.236","79273005.236","0","false","true",
"C","A","20230101","2023","52","2023","104","MMR","Myanmar","X","Export","0","W00","World","0","W00","World","H6","HS","true","6309","Textiles; worn clothing and other worn articles","4","false","C00","TOTAL CPC","0","0","TOTAL MOT","8","kg","150356","false","8","kg","150356","false","150356","false","0","false",,"105902.4","105902.4","0","false","true",
"C","A","20230101","2023","52","2023","108","BDI","Burundi","X","Export","0","W00","World","0","W00","World","H6","HS","true","6309","Textiles; worn clothing and other worn articles","4","false","C00","TOTAL CPC","0","0","TOTAL MOT","8","kg","751457.636","true","-1","N/A","0","false","751457.636","true","0","false",,"876794.755","876794.755","6","false","true",
"C","A","20230101","2023","52","2023","116","KHM","Cambodia","X","Export","0","W00","World","0","W00","World","H6","HS","true","6309","Textiles; worn clothing and other worn articles","4","false","C00","TOTAL CPC","0","0","TOTAL MOT","8","kg","2990659.788","false","8","kg","2990659.788","false","2990659.788","false","0","false",,"3272303.33","3272303.33","0","false","true",
"C","A","20230101","2023","52","2023","120","CMR","Cameroon","X","Export","0","W00","World","0","W00","World","H6","HS","true","6309","Textiles; worn clothing and other worn articles","4","false","C00","TOTAL CPC","0","0","TOTAL MOT","8","kg","1319","false","8","kg","1319","false","1319","false","0","false",,"516.932","516.932","0","false","true",
"C","A","20230101","2023","52","2023","124","CAN","Canada","X","Export","0","W00","World","0","W00","World","H6","HS","true","6309","Textiles; worn clothing and other worn articles","4","false","C00","TOTAL CPC","0","0","TOTAL MOT","8","kg","115528131.228","true","-1","N/A","0","false","115528131.228","true","0","false",,"134797298.76","134797298.76","6","false","true",
"C","A","20230101","2023","52","2023","132","CPV","Cabo Verde","X","Export","0","W00","World","0","W00","World","H5","HS","true","6309","Textiles; worn clothing and other worn articles","4","false","C00","TOTAL CPC","0","0","TOTAL MOT","8","kg","1649","false","8","kg","1649","false","1649","false","0","false","11032.172","11032.172","11032.172","0","false","true",
"C","A","20230101","2023","52","2023","136","CYM","Cayman Isds","X","Export","0","W00","World","0","W00","World","H5","HS","true","6309","Textiles; worn clothing and other worn articles","4","false","C00","TOTAL CPC","0","0","TOTAL MOT","8","kg","9313.524","true","-1","N/A","0","false","9313.524","true","0","false",,"10866.945","10866.945","6","false","true",
"C","A","20230101","2023","52","2023","140","CAF","Central African Rep.","X","Export","0","W00","World","0","W00","World","H5","HS","true","6309","Textiles; worn clothing and other worn articles","4","false","C00","TOTAL CPC","0","0","TOTAL MOT","8","kg","58000","false","8","kg","58000","false","58000","false","0","false",,"32335.529","32335.529","0","false","true",
"C","A","20230101","2023","52","2023","144","LKA","Sri Lanka","X","Export","0","W00","World","0","W00","World","H6","HS","true","6309","Textiles; worn clothing and other worn articles","4","false","C00","TOTAL CPC","0","0","TOTAL MOT","8","kg","107546.58","false","8","kg","107546.58","false","107546.58","false","0","false",,"152375.749","152375.749","0","false","true",
"C","A","20230101","2023","52","2023","152","CHL","Chile","X","Export","0","W00","World","0","W00","World","H6","HS","true","6309","Textiles; worn clothing and other worn articles","4","false","C00","TOTAL CPC","0","0","TOTAL MOT","8","kg","3583910.276","true","-1","N/A","0","false","3583910.276","true","0","false",,"5727883.396","5727883.396","6","false","true",
"C","A","20230101","2023","52","2023","156","CHN","China","X","Export","0","W00","World","0","W00","World","H6","HS","true","6309","Textiles; worn clothing and other worn articles","4","false","C00","TOTAL CPC","0","0","TOTAL MOT","8","kg","720122262","false","8","kg","720122262","false","720122262","false","0","false",,"657284895","657284895","0","false","true",
"C","A","20230101","2023","52","2023","170","COL","Colombia","X","Export","0","W00","World","0","W00","World","H6","HS","true","6309","Textiles; worn clothing and other worn articles","4","false","C00","TOTAL CPC","0","0","TOTAL MOT","8","kg","680.95","false","8","kg","680.95","false","680.95","false","0","false",,"26616","26616","0","false","true",
"C","A","20230101","2023","52","2023","178","COG","Congo","X","Export","0","W00","World","0","W00","World","H6","HS","true","6309","Textiles; worn clothing and other worn articles","4","false","C00","TOTAL CPC","0","0","TOTAL MOT","8","kg","188780","false","8","kg","188780","false","188780","false","0","false",,"82074.827","82074.827","0","false","true",
"C","A","20230101","2023","52","2023","180","COD","Dem. Rep. of the Congo","X","Export","0","W00","World","0","W00","World","H4","HS","true","6309","Textiles; worn clothing and other worn articles","4","false","C00","TOTAL CPC","0","0","TOTAL MOT","8","kg","140445","false","8","kg","140445","false","140445","false","0","false",,"1517603.118","1517603.118","0","false","true",
"C","A","20230101","2023","52","2023","188","CRI","Costa Rica","X","Export","0","W00","World","0","W00","World","H6","HS","true","6309","Textiles; worn clothing and other worn articles","4","false","C00","TOTAL CPC","0","0","TOTAL MOT","8","kg","3605836.747","false","8","kg","3605836.747","false","3605836.747","false","0","false",,"3163937.65","3163937.65","0","false","true",
"C","A","20230101","2023","52","2023","191","HRV","Croatia","X","Export","0","W00","World","0","W00","World","H6","HS","true","6309","Textiles; worn clothing and other worn articles","4","false","C00","TOTAL CPC","0","0","TOTAL MOT","8","kg","1884026.82","false","8","kg","1884026.82","false","1884026.82","false","0","false",,"641437","641437","0","false","true",
"C","A","20230101","2023","52","2023","196","CYP","Cyprus","X","Export","0","W00","World","0","W00","World","H6","HS","true","6309","Textiles; worn clothing and other worn articles","4","false","C00","TOTAL CPC","0","0","TOTAL MOT","8","kg","2739944","false","8","kg","2739944","false","2739944","false","0","false",,"1094898.011","1094898.011","0","false","true",
"C","A","20230101","2023","52","2023","203","CZE","Czechia","X","Export","0","W00","World","0","W00","World","H6","HS","true","6309","Textiles; worn clothing and other worn articles","4","false","C00","TOTAL CPC","0","0","TOTAL MOT","8","kg","30430492","false","8","kg","30430492","false","30430492","false","0","false",,"20577377","20577377","0","false","true",
"C","A","20230101","2023","52","2023","204","BEN","Benin","X","Export","0","W00","World","0","W00","World","H6","HS","true","6309","Textiles; worn clothing and other worn articles","4","false","C00","TOTAL CPC","0","0","TOTAL MOT","8","kg","1733765","false","8","kg","1733765","false","1733765","false","0","false",,"1596117.278","1596117.278","0","false","true",
"C","A","20230101","2023","52","2023","208","DNK","Denmark","X","Export","0","W00","World","0","W00","World","H6","HS","true","6309","Textiles; worn clothing and other worn articles","4","false","C00","TOTAL CPC","0","0","TOTAL MOT","-1","N/A","0","false","-1","N/A","0","false",,"false","0","false",,"9271217.652","9271217.652","0","false","true",
"C","A","20230101","2023","52","2023","212","DMA","Dominica","X","Export","0","W00","World","0","W00","World","H5","HS","true","6309","Textiles; worn clothing and other worn articles","4","false","C00","TOTAL CPC","0","0","TOTAL MOT","8","kg","2698","false","8","kg","2698","false","2698","false","0","false",,"9832.212","9832.212","0","false","true",
"C","A","20230101","2023","52","2023","214","DOM","Dominican Rep.","X","Export","0","W00","World","0","W00","World","H6","HS","true","6309","Textiles; worn clothing and other worn articles","4","false","C00","TOTAL CPC","0","0","TOTAL MOT","8","kg","38705.195","false","8","kg","38705.195","false","38705.195","false","0","false",,"58405.501","58405.501","0","false","true",
"C","A","20230101","2023","52","2023","218","ECU","Ecuador","X","Export","0","W00","World","0","W00","World","H6","HS","true","6309","Textiles; worn clothing and other worn articles","4","false","C00","TOTAL CPC","0","0","TOTAL MOT","-1","N/A","0","false","-1","N/A","0","false",,"false","0","false",,"336","336","0","false","true",
"C","A","20230101","2023","52","2023","222","SLV","El Salvador","X","Export","0","W00","World","0","W00","World","H6","HS","true","6309","Textiles; worn clothing and other worn articles","4","false","C00","TOTAL CPC","0","0","TOTAL MOT","8","kg","632437.73","false","8","kg","632437.73","false","632437.73","false","0","false",,"1306344","1306344","0","false","true",
"C","A","20230101","2023","52","2023","233","EST","Estonia","X","Export","0","W00","World","0","W00","World","H6","HS","true","6309","Textiles; worn clothing and other worn articles","4","false","C00","TOTAL CPC","0","0","TOTAL MOT","8","kg","5817738.826","false","8","kg","5817738.826","false","5817738.826","false","0","false",,"5946856.96","5946856.96","0","false","true",
"C","A","20230101","2023","52","2023","242","FJI","Fiji","X","Export","0","W00","World","0","W00","World","H6","HS","true","6309","Textiles; worn clothing and other worn articles","4","false","C00","TOTAL CPC","0","0","TOTAL MOT","8","kg","3912.45","false","8","kg","3912.45","false","3912.45","false","0","false",,"4411.31","4411.31","0","false","true",
"C","A","20230101","2023","52","2023","246","FIN","Finland","X","Export","0","W00","World","0","W00","World","H6","HS","true","6309","Textiles; worn clothing and other worn articles","4","false","C00","TOTAL CPC","0","0","TOTAL MOT","-1","N/A","0","false","-1","N/A","0","false",,"false","0","false",,"9805605.583","9805605.583","0","false","true",
"C","A","20230101","2023","52","2023","251","FRA","France","X","Export","0","W00","World","0","W00","World","H6","HS","true","6309","Textiles; worn clothing and other worn articles","4","false","C00","TOTAL CPC","0","0","TOTAL MOT","8","kg","180496453.684","true","-1","N/A","0","false","180496453.684","true","0","false",,"113773458.55","113773458.55","6","false","true",
"C","A","20230101","2023","52","2023","262","DJI","Djibouti","X","Export","0","W00","World","0","W00","World","H3","HS","true","6309","Textiles; worn clothing and other worn articles","4","false","C00","TOTAL CPC","0","0","TOTAL MOT","8","kg","5531253.5","false","8","kg","5531253.5","false","5531253.5","false","0","false",,"3949457.811","3949457.811","0","false","true",
"C","A","20230101","2023","52","2023","266","GAB","Gabon","X","Export","0","W00","World","0","W00","World","H6","HS","true","6309","Textiles; worn clothing and other worn articles","4","false","C00","TOTAL CPC","0","0","TOTAL MOT","8","kg","743","false","8","kg","743","false","743","false","0","false",,"411.969","411.969","0","false","true",
"C","A","20230101","2023","52","2023","268","GEO","Georgia","X","Export","0","W00","World","0","W00","World","H6","HS","true","6309","Textiles; worn clothing and other worn articles","4","false","C00","TOTAL CPC","0","0","TOTAL MOT","8","kg","132773.5","false","8","kg","132773.5","false","132773.5","false","0","false",,"118488.948","118488.948","0","false","true",
"C","A","20230101","2023","52","2023","270","GMB","Gambia","X","Export","0","W00","World","0","W00","World","H6","HS","true","6309","Textiles; worn clothing and other worn articles","4","false","C00","TOTAL CPC","0","0","TOTAL MOT","8","kg","27280","false","8","kg","27280","false","27280","false","0","false",,"15633.428","15633.428","0","false","true",
"C","A","20230101","2023","52","2023","276","DEU","Germany","X","Export","0","W00","World","0","W00","World","H6","HS","true","6309","Textiles; worn clothing and other worn articles","4","false","C00","TOTAL CPC","0","0","TOTAL MOT","8","kg","452578491.38","true","-1","N/A","0","false","452578491.38","true","0","false",,"350795787.153","350795787.153","6","false","true",
"C","A","20230101","2023","52","2023","288","GHA","Ghana","X","Export","0","W00","World","0","W00","World","H5","HS","true","6309","Textiles; worn clothing and other worn articles","4","false","C00","TOTAL CPC","0","0","TOTAL MOT","8","kg","1136499.833","false","8","kg","1136499.833","false","3145547.671","false","0","false",,"1334169.332","1334169.332","0","false","true",
"C","A","20230101","2023","52","2023","300","GRC","Greece","X","Export","0","W00","World","0","W00","World","H6","HS","true","6309","Textiles; worn clothing and other worn articles","4","false","C00","TOTAL CPC","0","0","TOTAL MOT","-1","N/A","0","false","-1","N/A","0","false",,"false","0","false",,"18713309.484","18713309.484","0","false","true",
"C","A","20230101","2023","52","2023","320","GTM","Guatemala","X","Export","0","W00","World","0","W00","World","H6","HS","true","6309","Textiles; worn clothing and other worn articles","4","false","C00","TOTAL CPC","0","0","TOTAL MOT","8","kg","980095","false","8","kg","980095","false","980095","false","0","false",,"796617","796617","0","false","true",
"C","A","20230101","2023","52","2023","328","GUY","Guyana","X","Export","0","W00","World","0","W00","World","H5","HS","true","6309","Textiles; worn clothing and other worn articles","4","false","C00","TOTAL CPC","0","0","TOTAL MOT","8","kg","35755.5","false","5","u","16850","false","35755.5","false","0","false",,"89440.437","89440.437","0","false","true",
"C","A","20230101","2023","52","2023","340","HND","Honduras","X","Export","0","W00","World","0","W00","World","H6","HS","true","6309","Textiles; worn clothing and other worn articles","4","false","C00","TOTAL CPC","0","0","TOTAL MOT","8","kg","260155.68","false","8","kg","260155.68","false","260155.68","false","0","false",,"273494.81","273494.81","0","false","true",
"C","A","20230101","2023","52","2023","344","HKG","China, Hong Kong SAR","X","Export","0","W00","World","0","W00","World","H6","HS","true","6309","Textiles; worn clothing and other worn articles","4","false","C00","TOTAL CPC","0","0","TOTAL MOT","8","kg","19020898","false","8","kg","19020898","false","19020898","false","0","false",,"22249951.184","22249951.184","0","false","true",
"C","A","20230101","2023","52","2023","348","HUN","Hungary","X","Export","0","W00","World","0","W00","World","H6","HS","true","6309","Textiles; worn clothing and other worn articles","4","false","C00","TOTAL CPC","0","0","TOTAL MOT","8","kg","52991146","false","8","kg","52991146","false","52991146","false","0","false",,"56986836.512","56986836.512","0","false","true",
"C","A","20230101","2023","52","2023","352","ISL","Iceland","X","Export","0","W00","World","0","W00","World","H6","HS","true","6309","Textiles; worn clothing and other worn articles","4","false","C00","TOTAL CPC","0","0","TOTAL MOT","8","kg","2272956","false","8","kg","2272956","false","2272956","false","0","false",,"583778.079","583778.079","0","false","true",
"C","A","20230101","2023","52","2023","360","IDN","Indonesia","X","Export","0","W00","World","0","W00","World","H6","HS","true","6309","Textiles; worn clothing and other worn articles","4","false","C00","TOTAL CPC","0","0","TOTAL MOT","8","kg","34418.681","false","8","kg","34418.681","false","34418.681","false","0","false",,"851324.865","851324.865","0","false","true",
"C","A","20230101","2023","52","2023","364","IRN","Iran","X","Export","0","W00","World","0","W00","World","H6","HS","true","6309","Textiles; worn clothing and other worn articles","4","false","C00","TOTAL CPC","0","0","TOTAL MOT","8","kg","54840","false","8","kg","54840","false","54840","false","0","false",,"85929","85929","0","false","true",
"C","A","20230101","2023","52","2023","372","IRL","Ireland","X","Export","0","W00","World","0","W00","World","H6","HS","true","6309","Textiles; worn clothing and other worn articles","4","false","C00","TOTAL CPC","0","0","TOTAL MOT","-1","N/A","0","false","-1","N/A","0","false",,"false","0","false",,"11736424.795","11736424.795","0","false","true",
"C","A","20230101","2023","52","2023","376","ISR","Israel","X","Export","0","W00","World","0","W00","World","H6","HS","true","6309","Textiles; worn clothing and other worn articles","4","false","C00","TOTAL CPC","0","0","TOTAL MOT","8","kg","12857475.933","true","-1","N/A","0","false","12857475.933","true","0","false",,"15002000","15002000","6","false","true",
"C","A","20230101","2023","52","2023","380","ITA","Italy","X","Export","0","W00","World","0","W00","World","H6","HS","true","6309","Textiles; worn clothing and other worn articles","4","false","C00","TOTAL CPC","0","0","TOTAL MOT","-1","N/A","0","false","-1","N/A","0","false",,"false","0","false",,"137642000.666","137642000.666","0","false","true",
"C","A","20230101","2023","52","2023","384","CIV","Côte d'Ivoire","X","Export","0","W00","World","0","W00","World","H6","HS","true","6309","Textiles; worn clothing and other worn articles","4","false","C00","TOTAL CPC","0","0","TOTAL MOT","8","kg","306167","false","8","kg","306167","false","306167","false","0","false",,"74988.188","74988.188","0","false","true",
"C","A","20230101","2023","52","2023","388","JAM","Jamaica","X","Export","0","W00","World","0","W00","World","H6","HS","true","6309","Textiles; worn clothing and other worn articles","4","false","C00","TOTAL CPC","0","0","TOTAL MOT","8","kg","75856.836","true","-1","N/A","0","false","75856.836","true","0","false",,"131273.61","131273.61","6","false","true",
"C","A","20230101","2023","52","2023","392","JPN","Japan","X","Export","0","W00","World","0","W00","World","H6","HS","true","6309","Textiles; worn clothing and other worn articles","4","false","C00","TOTAL CPC","0","0","TOTAL MOT","-1","N/A","0","false","-1","N/A","0","false",,"false","0","false",,"100962915.574","100962915.574","0","false","true",
"C","A","20230101","2023","52","2023","398","KAZ","Kazakhstan","X","Export","0","W00","World","0","W00","World","H6","HS","true","6309","Textiles; worn clothing and other worn articles","4","false","C00","TOTAL CPC","0","0","TOTAL MOT","8","kg","39634414.53","false","8","kg","39634414.53","false","39634414.53","false","0","false",,"1973677.18","1973677.18","0","false","true",
"C","A","20230101","2023","52","2023","400","JOR","Jordan","X","Export","0","W00","World","0","W00","World","H6","HS","true","6309","Textiles; worn clothing and other worn articles","4","false","C00","TOTAL CPC","0","0","TOTAL MOT","8","kg","430468.113","true","-1","N/A","0","false","430468.113","true","0","false",,"500913.872","500913.872","6","false","true",
"C","A","20230101","2023","52","2023","404","KEN","Kenya","X","Export","0","W00","World","0","W00","World","H6","HS","true","6309","Textiles; worn clothing and other worn articles","4","false","C00","TOTAL CPC","0","0","TOTAL MOT","8","kg","1698364.96","false","8","kg","1698364.96","false","1698364.96","false","0","false",,"1322256.304","1322256.304","0","false","true",
"C","A","20230101","2023","52","2023","410","KOR","Rep. of Korea","X","Export","0","W00","World","0","W00","World","H6","HS","true","6309","Textiles; worn clothing and other worn articles","4","false","C00","TOTAL CPC","0","0","TOTAL MOT","8","kg","295492739.022","true","-1","N/A","0","false","295492739.022","true","0","false",,"362819553","362819553","6","false","true",
"C","A","20230101","2023","52","2023","414","KWT","Kuwait","X","Export","0","W00","World","0","W00","World","H6","HS","true","6309","Textiles; worn clothing and other worn articles","4","false","C00","TOTAL CPC","0","0","TOTAL MOT","8","kg","5519781.97","false","8","kg","5519781.97","false","5519781.97","false","0","false",,"5750684.928","5750684.928","0","false","true",
"C","A","20230101","2023","52","2023","417","KGZ","Kyrgyzstan","X","Export","0","W00","World","0","W00","World","H6","HS","true","6309","Textiles; worn clothing and other worn articles","4","false","C00","TOTAL CPC","0","0","TOTAL MOT","8","kg","440851","false","8","kg","440851","false","440851","false","0","false",,"404952","404952","0","false","true",
"C","A","20230101","2023","52","2023","418","LAO","Lao People's Dem. Rep.","X","Export","0","W00","World","0","W00","World","H6","HS","true","6309","Textiles; worn clothing and other worn articles","4","false","C00","TOTAL CPC","0","0","TOTAL MOT","8","kg","162916.03","false","8","kg","162916.03","false","162896.03","false","0","false",,"441846","441846","0","false","true",
"C","A","20230101","2023","52","2023","422","LBN","Lebanon","X","Export","0","W00","World","0","W00","World","H5","HS","true","6309","Textiles; worn clothing and other worn articles","4","false","C00","TOTAL CPC","0","0","TOTAL MOT","8","kg","750627.428","true","-1","N/A","0","false","750627.428","true","0","false",,"873467","873467","6","false","true",
"C","A","20230101","2023","52","2023","426","LSO","Lesotho","X","Export","0","W00","World","0","W00","World","H6","HS","true","6309","Textiles; worn clothing and other worn articles","4","false","C00","TOTAL CPC","0","0","TOTAL MOT","8","kg","19395.448","true","-1","N/A","0","false","19395.448","true","0","false",,"26824.131","26824.131","6","false","true",
"C","A","20230101","2023","52","2023","428","LVA","Latvia","X","Export","0","W00","World","0","W00","World","H6","HS","true","6309","Textiles; worn clothing and other worn articles","4","false","C00","TOTAL CPC","0","0","TOTAL MOT","8","kg","12453337","false","8","kg","12453337","false","12453337","false","0","false",,"30415150.983","30415150.983","0","false","true",
"C","A","20230101","2023","52","2023","430","LBR","Liberia","X","Export","0","W00","World","0","W00","World","H6","HS","true","6309","Textiles; worn clothing and other worn articles","4","false","C00","TOTAL CPC","0","0","TOTAL MOT","8","kg","116527.75","false","8","kg","116527.75","false","116527.75","false","0","false",,"311269","311269","0","false","true",
"C","A","20230101","2023","52","2023","440","LTU","Lithuania","X","Export","0","W00","World","0","W00","World","H6","HS","true","6309","Textiles; worn clothing and other worn articles","4","false","C00","TOTAL CPC","0","0","TOTAL MOT","8","kg","52331299.49","false","8","kg","52331299.49","false","52331299.49","false","0","false",,"89564425","89564425","0","false","true",
"C","A","20230101","2023","52","2023","442","LUX","Luxembourg","X","Export","0","W00","World","0","W00","World","H6","HS","true","6309","Textiles; worn clothing and other worn articles","4","false","C00","TOTAL CPC","0","0","TOTAL MOT","-1","N/A","0","false","-1","N/A","0","false",,"false","0","false",,"1097651.299","1097651.299","0","false","true",
"C","A","20230101","2023","52","2023","446","MAC","China, Macao SAR","X","Export","0","W00","World","0","W00","World","H6","HS","true","6309","Textiles; worn clothing and other worn articles","4","false","C00","TOTAL CPC","0","0","TOTAL MOT","8","kg","536716","false","8","kg","536716","false","536716","false","0","false",,"228930.373","228930.373","0","false","true",
"C","A","20230101","2023","52","2023","450","MDG","Madagascar","X","Export","0","W00","World","0","W00","World","H6","HS","true","6309","Textiles; worn clothing and other worn articles","4","false","C00","TOTAL CPC","0","0","TOTAL MOT","8","kg","92970","false","8","kg","92970","false","92970","false","0","false",,"97360.797","97360.797","0","false","true",
"C","A","20230101","2023","52","2023","454","MWI","Malawi","X","Export","0","W00","World","0","W00","World","H6","HS","true","6309","Textiles; worn clothing and other worn articles","4","false","C00","TOTAL CPC","0","0","TOTAL MOT","8","kg","277950.2","false","5","u","61141","false","277950.2","false","0","false",,"393381.17","393381.17","0","false","true",
"C","A","20230101","2023","52","2023","458","MYS","Malaysia","X","Export","0","W00","World","0","W00","World","H6","HS","true","6309","Textiles; worn clothing and other worn articles","4","false","C00","TOTAL CPC","0","0","TOTAL MOT","-1","N/A","0","false","-1","N/A","0","false",,"false","0","false",,"78153701.494","78153701.494","0","false","true",
"C","A","20230101","2023","52","2023","466","MLI","Mali","X","Export","0","W00","World","0","W00","World","H6","HS","true","6309","Textiles; worn clothing and other worn articles","4","false","C00","TOTAL CPC","0","0","TOTAL MOT","8","kg","31250","false","8","kg","31250","false","31250","false","0","false",,"12533.033","12533.033","0","false","true",
"C","A","20230101","2023","52","2023","470","MLT","Malta","X","Export","0","W00","World","0","W00","World","H6","HS","true","6309","Textiles; worn clothing and other worn articles","4","false","C00","TOTAL CPC","0","0","TOTAL MOT","8","kg","1360283","false","8","kg","1360283","false","1360283","false","0","false",,"1070726.251","1070726.251","0","false","true",
"C","A","20230101","2023","52","2023","480","MUS","Mauritius","X","Export","0","W00","World","0","W00","World","H6","HS","true","6309","Textiles; worn clothing and other worn articles","4","false","C00","TOTAL CPC","0","0","TOTAL MOT","8","kg","12909","false","8","kg","12909","false","14617","false","0","false",,"2283.307","2283.307","0","false","true",
"C","A","20230101","2023","52","2023","484","MEX","Mexico","X","Export","0","W00","World","0","W00","World","H6","HS","true","6309","Textiles; worn clothing and other worn articles","4","false","C00","TOTAL CPC","0","0","TOTAL MOT","8","kg","5889","false","8","kg","5889","false","5889","false","0","false",,"7973","7973","0","false","true",
"C","A","20230101","2023","52","2023","490","S19","Other Asia, nes","X","Export","0","W00","World","0","W00","World","H6","HS","true","6309","Textiles; worn clothing and other worn articles","4","false","C00","TOTAL CPC","0","0","TOTAL MOT","8","kg","37564413","false","8","kg","37564413","false","37564413","false","0","false",,"14986986.182","14986986.182","0","false","true",
"C","A","20230101","2023","52","2023","496","MNG","Mongolia","X","Export","0","W00","World","0","W00","World","H6","HS","true","6309","Textiles; worn clothing and other worn articles","4","false","C00","TOTAL CPC","0","0","TOTAL MOT","8","kg","1214.8","false","8","kg","1214.8","false","1214.8","false","0","false",,"1160.77","1160.77","0","false","true",
"C","A","20230101","2023","52","2023","498","MDA","Rep. of Moldova","X","Export","0","W00","World","0","W00","World","H6","HS","true","6309","Textiles; worn clothing and other worn articles","4","false","C00","TOTAL CPC","0","0","TOTAL MOT","8","kg","1940","false","8","kg","1940","false","1940","false","0","false",,"1081","1081","0","false","true",
"C","A","20230101","2023","52","2023","499","MNE","Montenegro","X","Export","0","W00","World","0","W00","World","H6","HS","true","6309","Textiles; worn clothing and other worn articles","4","false","C00","TOTAL CPC","0","0","TOTAL MOT","8","kg","111886.44","false","8","kg","111886.44","false","111886.44","false","0","false",,"441619.801","441619.801","0","false","true",
"C","A","20230101","2023","52","2023","500","MSR","Montserrat","X","Export","0","W00","World","0","W00","World","H5","HS","true","6309","Textiles; worn clothing and other worn articles","4","false","C00","TOTAL CPC","0","0","TOTAL MOT","8","kg","380","false","8","kg","380","false","380","false","0","false",,"400.559","400.559","0","false","true",
"C","A","20230101","2023","52","2023","504","MAR","Morocco","X","Export","0","W00","World","0","W00","World","H6","HS","true","6309","Textiles; worn clothing and other worn articles","4","false","C00","TOTAL CPC","0","0","TOTAL MOT","8","kg","8889318","false","8","kg","8889318","false","8889318","false","0","false",,"6700373.274","6700373.274","0","false","true",
"C","A","20230101","2023","52","2023","508","MOZ","Mozambique","X","Export","0","W00","World","0","W00","World","H6","HS","true","6309","Textiles; worn clothing and other worn articles","4","false","C00","TOTAL CPC","0","0","TOTAL MOT","-1","N/A","0","false","8","kg","963","false","3857","false","0","false",,"15000","15000","0","false","true",
"C","A","20230101","2023","52","2023","512","OMN","Oman","X","Export","0","W00","World","0","W00","World","H6","HS","true","6309","Textiles; worn clothing and other worn articles","4","false","C00","TOTAL CPC","0","0","TOTAL MOT","8","kg","9602700","false","8","kg","9602700","false","9602700","false","0","false",,"3467674.897","3467674.897","0","false","true",
"C","A","20230101","2023","52","2023","516","NAM","Namibia","X","Export","0","W00","World","0","W00","World","H6","HS","true","6309","Textiles; worn clothing and other worn articles","4","false","C00","TOTAL CPC","0","0","TOTAL MOT","8","kg","82145.23","false","8","kg","82145.23","false","82145.23","false","0","false",,"61342.396","61342.396","0","false","true",
"C","A","20230101","2023","52","2023","528","NLD","Netherlands","X","Export","0","W00","World","0","W00","World","H6","HS","true","6309","Textiles; worn clothing and other worn articles","4","false","C00","TOTAL CPC","0","0","TOTAL MOT","8","kg","175274498","false","8","kg","175274498","false","175274498","false","0","false",,"225946149.952","225946149.952","0","false","true",
"C","A","20230101","2023","52","2023","533","ABW","Aruba","X","Export","0","W00","World","0","W00","World","H4","HS","true","6309","Textiles; worn clothing and other worn articles","4","false","C00","TOTAL CPC","0","0","TOTAL MOT","8","kg","34615.01","false","8","kg","34615.01","false","34615.01","false","0","false",,"43417.876","43417.876","0","false","true",
"C","A","20230101","2023","52","2023","554","NZL","New Zealand","X","Export","0","W00","World","0","W00","World","H6","HS","true","6309","Textiles; worn clothing and other worn articles","4","false","C00","TOTAL CPC","0","0","TOTAL MOT","8","kg","6134213.824","true","-1","N/A","0","false","6134213.824","true","0","false",,"6468245.658","6468245.658","6","false","true",
"C","A","20230101","2023","52","2023","558","NIC","Nicaragua","X","Export","0","W00","World","0","W00","World","H6","HS","true","6309","Textiles; worn clothing and other worn articles","4","false","C00","TOTAL CPC","0","0","TOTAL MOT","8","kg","903607.47","false","8","kg","903607.47","false","903607.47","false","0","false",,"959476.01","959476.01","0","false","true",
"C","A","20230101","2023","52","2023","562","NER","Niger","X","Export","0","W00","World","0","W00","World","H6","HS","true","6309","Textiles; worn clothing and other worn articles","4","false","C00","TOTAL CPC","0","0","TOTAL MOT","8","kg","2608873","false","8","kg","2608873","false","2608873","false","0","false",,"1122832.576","1122832.576","0","false","true",
"C","A","20230101","2023","52","2023","579","NOR","Norway","X","Export","0","W00","World","0","W00","World","H6","HS","true","6309","Textiles; worn clothing and other worn articles","4","false","C00","TOTAL CPC","0","0","TOTAL MOT","8","kg","30912146","false","8","kg","30912146","false","30912146","false","0","false",,"27214376.973","27214376.973","0","false","true",
"C","A","20230101","2023","52","2023","586","PAK","Pakistan","X","Export","0","W00","World","0","W00","World","H6","HS","true","6309","Textiles; worn clothing and other worn articles","4","false","C00","TOTAL CPC","0","0","TOTAL MOT","8","kg","272743131","false","8","kg","272743131","false","272743131","false","0","false",,"255777262.941","255777262.941","0","false","true",
"C","A","20230101","2023","52","2023","598","PNG","Papua New Guinea","X","Export","0","W00","World","0","W00","World","H6","HS","true","6309","Textiles; worn clothing and other worn articles","4","false","C00","TOTAL CPC","0","0","TOTAL MOT","8","kg","1394.464","true","-1","N/A","0","false","1394.464","true","0","false",,"1627.049","1627.049","6","false","true",
"C","A","20230101","2023","52","2023","604","PER","Peru","X","Export","0","W00","World","0","W00","World","H6","HS","true","6309","Textiles; worn clothing and other worn articles","4","false","C00","TOTAL CPC","0","0","TOTAL MOT","8","kg","39.64","false","8","kg","39.64","false","39.64","false","0","false",,"368.2","368.2","0","false","true",
"C","A","20230101","2023","52","2023","608","PHL","Philippines","X","Export","0","W00","World","0","W00","World","H6","HS","true","6309","Textiles; worn clothing and other worn articles","4","false","C00","TOTAL CPC","0","0","TOTAL MOT","8","kg","51012664.92","false","8","kg","51012664.92","false","51012664.92","false","51012664.92","false",,"15035418","15035418","0","false","true",
"C","A","20230101","2023","52","2023","616","POL","Poland","X","Export","0","W00","World","0","W00","World","H6","HS","true","6309","Textiles; worn clothing and other worn articles","4","false","C00","TOTAL CPC","0","0","TOTAL MOT","8","kg","171752578.054","true","-1","N/A","0","false","171752578.054","true","0","false",,"204675495","204675495","6","false","true",
"C","A","20230101","2023","52","2023","620","PRT","Portugal","X","Export","0","W00","World","0","W00","World","H6","HS","true","6309","Textiles; worn clothing and other worn articles","4","false","C00","TOTAL CPC","0","0","TOTAL MOT","8","kg","21662887.66","true","-1","N/A","0","false","21662887.66","true","0","false",,"13232130.702","13232130.702","6","false","true",
"C","A","20230101","2023","52","2023","626","TLS","Timor-Leste","X","Export","0","W00","World","0","W00","World","H5","HS","true","6309","Textiles; worn clothing and other worn articles","4","false","C00","TOTAL CPC","0","0","TOTAL MOT","8","kg","9165.8","false","8","kg","9165.8","false","9165.8","false","0","false",,"48308.53","48308.53","0","false","true",
"C","A","20230101","2023","52","2023","634","QAT","Qatar","X","Export","0","W00","World","0","W00","World","H6","HS","true","6309","Textiles; worn clothing and other worn articles","4","false","C00","TOTAL CPC","0","0","TOTAL MOT","8","kg","1993259.089","true","-1","N/A","0","false","1993259.089","true","0","false",,"2319454.328","2319454.328","6","false","true",
"C","A","20230101","2023","52","2023","642","ROU","Romania","X","Export","0","W00","World","0","W00","World","H6","HS","true","6309","Textiles; worn clothing and other worn articles","4","false","C00","TOTAL CPC","0","0","TOTAL MOT","8","kg","3938196.3","false","8","kg","3938196.3","false","3938196.3","false","0","false",,"2572040.05","2572040.05","0","false","true",
"C","A","20230101","2023","52","2023","670","VCT","Saint Vincent and the Grenadines","X","Export","0","W00","World","0","W00","World","H6","HS","true","6309","Textiles; worn clothing and other worn articles","4","false","C00","TOTAL CPC","0","0","TOTAL MOT","8","kg","87.29","false","8","kg","87.29","false","87.29","false","0","false",,"1063.236","1063.236","0","false","true",
"C","A","20230101","2023","52","2023","678","STP","Sao Tome and Principe","X","Export","0","W00","World","0","W00","World","H5","HS","true","6309","Textiles; worn clothing and other worn articles","4","false","C00","TOTAL CPC","0","0","TOTAL MOT","8","kg","2706","false","8","kg","2706","false","2706","false","2832","false",,"19179.394","19179.394","0","false","true",
"C","A","20230101","2023","52","2023","682","SAU","Saudi Arabia","X","Export","0","W00","World","0","W00","World","H6","HS","true","6309","Textiles; worn clothing and other worn articles","4","false","C00","TOTAL CPC","0","0","TOTAL MOT","8","kg","23341317.356","true","-1","N/A","0","false","23341317.356","true","0","false",,"27234462.252","27234462.252","6","false","true",
"C","A","20230101","2023","52","2023","686","SEN","Senegal","X","Export","0","W00","World","0","W00","World","H6","HS","true","6309","Textiles; worn clothing and other worn articles","4","false","C00","TOTAL CPC","0","0","TOTAL MOT","8","kg","16110","false","8","kg","16110","false","16110","false","0","false",,"23198.291","23198.291","0","false","true",
"C","A","20230101","2023","52","2023","688","SRB","Serbia","X","Export","0","W00","World","0","W00","World","H6","HS","true","6309","Textiles; worn clothing and other worn articles","4","false","C00","TOTAL CPC","0","0","TOTAL MOT","8","kg","491543","false","8","kg","491543","false","491543","false","0","false",,"278462","278462","0","false","true",
"C","A","20230101","2023","52","2023","690","SYC","Seychelles","X","Export","0","W00","World","0","W00","World","H5","HS","true","6309","Textiles; worn clothing and other worn articles","4","false","C00","TOTAL CPC","0","0","TOTAL MOT","8","kg","10","false","8","kg","10","false","10","false","0","false",,"4380.055","4380.055","0","false","true",
"C","A","20230101","2023","52","2023","699","IND","India","X","Export","0","W00","World","0","W00","World","H6","HS","true","6309","Textiles; worn clothing and other worn articles","4","false","C00","TOTAL CPC","0","0","TOTAL MOT","8","kg","69107047.801","true","-1","N/A","0","false","69107047.801","true","0","false",,"93838148.666","93838148.666","6","false","true",
"C","A","20230101","2023","52","2023","702","SGP","Singapore","X","Export","0","W00","World","0","W00","World","H6","HS","true","6309","Textiles; worn clothing and other worn articles","4","false","C00","TOTAL CPC","0","0","TOTAL MOT","8","kg","6506963.247","true","-1","N/A","0","false","6506963.247","true","0","false",,"9057346.886","9057346.886","6","false","true",
"C","A","20230101","2023","52","2023","703","SVK","Slovakia","X","Export","0","W00","World","0","W00","World","H6","HS","true","6309","Textiles; worn clothing and other worn articles","4","false","C00","TOTAL CPC","0","0","TOTAL MOT","8","kg","24881155","false","8","kg","24881155","false","24881155","false","0","false",,"30666013.953","30666013.953","0","false","true",
"C","A","20230101","2023","52","2023","704","VNM","Viet Nam","X","Export","0","W00","World","0","W00","World","H6","HS","true","6309","Textiles; worn clothing and other worn articles","4","false","C00","TOTAL CPC","0","0","TOTAL MOT","8","kg","2586373.186","true","-1","N/A","0","false","2586373.186","true","0","false",,"3017759.53","3017759.53","6","false","true",
"C","A","20230101","2023","52","2023","705","SVN","Slovenia","X","Export","0","W00","World","0","W00","World","H6","HS","true","6309","Textiles; worn clothing and other worn articles","4","false","C00","TOTAL CPC","0","0","TOTAL MOT","8","kg","2215598.261","false","8","kg","2215598.261","false","2215598.261","false","0","false",,"1379975.202","1379975.202","0","false","true",
"C","A","20230101","2023","52","2023","710","ZAF","South Africa","X","Export","0","W00","World","0","W00","World","H6","HS","true","6309","Textiles; worn clothing and other worn articles","4","false","C00","TOTAL CPC","0","0","TOTAL MOT","8","kg","1197835.401","true","-1","N/A","0","false","1197835.401","true","0","false",,"1400857.612","1400857.612","6","false","true",
"C","A","20230101","2023","52","2023","716","ZWE","Zimbabwe","X","Export","0","W00","World","0","W00","World","H6","HS","true","6309","Textiles; worn clothing and other worn articles","4","false","C00","TOTAL CPC","0","0","TOTAL MOT","8","kg","169531.34","false","8","kg","169531.34","false","169531.34","false","0","false",,"657991.27","657991.27","0","false","true",
"C","A","20230101","2023","52","2023","724","ESP","Spain","X","Export","0","W00","World","0","W00","World","H6","HS","true","6309","Textiles; worn clothing and other worn articles","4","false","C00","TOTAL CPC","0","0","TOTAL MOT","8","kg","128920811.798","false","8","kg","128920811.798","false","128920811.798","false","0","false",,"82930100.339","82930100.339","0","false","true",
"C","A","20230101","2023","52","2023","740","SUR","Suriname","X","Export","0","W00","World","0","W00","World","H3","HS","true","6309","Textiles; worn clothing and other worn articles","4","false","C00","TOTAL CPC","0","0","TOTAL MOT","8","kg","12507.35","false","5","u","1319","false","12507.35","false","12507.35","false",,"21972.895","21972.895","0","false","true",
"C","A","20230101","2023","52","2023","748","SWZ","Eswatini","X","Export","0","W00","World","0","W00","World","H6","HS","true","6309","Textiles; worn clothing and other worn articles","4","false","C00","TOTAL CPC","0","0","TOTAL MOT","8","kg","1","false","8","kg","1","false","1","false","0","false",,"1.12","1.12","0","false","true",
"C","A","20230101","2023","52","2023","752","SWE","Sweden","X","Export","0","W00","World","0","W00","World","H6","HS","true","6309","Textiles; worn clothing and other worn articles","4","false","C00","TOTAL CPC","0","0","TOTAL MOT","8","kg","32209726.689","true","-1","N/A","0","false","32209726.689","true","0","false",,"24308017.724","24308017.724","6","false","true",
"C","A","20230101","2023","52","2023","757","CHE","Switzerland","X","Export","0","W00","World","0","W00","World","H6","HS","true","6309","Textiles; worn clothing and other worn articles","4","false","C00","TOTAL CPC","0","0","TOTAL MOT","8","kg","59910856.34","true","-1","N/A","0","false","59910856.34","true","0","false",,"62997931.951","62997931.951","6","false","true",
"C","A","20230101","2023","52","2023","762","TJK","Tajikistan","X","Export","0","W00","World","0","W00","World","H4","HS","true","6309","Textiles; worn clothing and other worn articles","4","false","C00","TOTAL CPC","0","0","TOTAL MOT","8","kg","35384","false","8","kg","35384","false","35384","false","0","false",,"382529","382529","0","false","true",
"C","A","20230101","2023","52","2023","764","THA","Thailand","X","Export","0","W00","World","0","W00","World","H6","HS","true","6309","Textiles; worn clothing and other worn articles","4","false","C00","TOTAL CPC","0","0","TOTAL MOT","-1","N/A","0","false","-1","N/A","0","false",,"false","0","false",,"49656047.19","49656047.19","0","false","true",
"C","A","20230101","2023","52","2023","768","TGO","Togo","X","Export","0","W00","World","0","W00","World","H5","HS","true","6309","Textiles; worn clothing and other worn articles","4","false","C00","TOTAL CPC","0","0","TOTAL MOT","8","kg","12595076","false","8","kg","12595076","false","12595076","false","0","false",,"11952323.663","11952323.663","0","false","true",
"C","A","20230101","2023","52","2023","776","TON","Tonga","X","Export","0","W00","World","0","W00","World","H5","HS","true","6309","Textiles; worn clothing and other worn articles","4","false","C00","TOTAL CPC","0","0","TOTAL MOT","8","kg","21.78","true","-1","N/A","0","false","21.78","true","0","false",,"25.413","25.413","6","false","true",
"C","A","20230101","2023","52","2023","780","TTO","Trinidad and Tobago","X","Export","0","W00","World","0","W00","World","H4","HS","true","6309","Textiles; worn clothing and other worn articles","4","false","C00","TOTAL CPC","0","0","TOTAL MOT","8","kg","11608","false","8","kg","11608","false","11608","false","0","false",,"20486.759","20486.759","0","false","true",
"C","A","20230101","2023","52","2023","784","ARE","United Arab Emirates","X","Export","0","W00","World","0","W00","World","H6","HS","true","6309","Textiles; worn clothing and other worn articles","4","false","C00","TOTAL CPC","0","0","TOTAL MOT","8","kg","367682726.857","true","-1","N/A","0","false","367682726.857","true","0","false",,"284129736.863","284129736.863","6","false","true",
"C","A","20230101","2023","52","2023","788","TUN","Tunisia","X","Export","0","W00","World","0","W00","World","H6","HS","true","6309","Textiles; worn clothing and other worn articles","4","false","C00","TOTAL CPC","0","0","TOTAL MOT","8","kg","29356993","false","8","kg","29356993","false","29356993","false","0","false",,"25596845.31","25596845.31","0","false","true",
"C","A","20230101","2023","52","2023","792","TUR","Türkiye","X","Export","0","W00","World","0","W00","World","H6","HS","true","6309","Textiles; worn clothing and other worn articles","4","false","C00","TOTAL CPC","0","0","TOTAL MOT","8","kg","95979734","false","8","kg","95979734","false","95979734","false","0","false",,"77123156","77123156","0","false","true",
"C","A","20230101","2023","52","2023","800","UGA","Uganda","X","Export","0","W00","World","0","W00","World","H6","HS","true","6309","Textiles; worn clothing and other worn articles","4","false","C00","TOTAL CPC","0","0","TOTAL MOT","8","kg","1688209.5","false","8","kg","1688209.5","false","1688209.5","false","0","false",,"1395441.34","1395441.34","0","false","true",
"C","A","20230101","2023","52","2023","804","UKR","Ukraine","X","Export","0","W00","World","0","W00","World","H6","HS","true","6309","Textiles; worn clothing and other worn articles","4","false","C00","TOTAL CPC","0","0","TOTAL MOT","8","kg","8671632.376","false","8","kg","8671632.376","false","8671632.376","false","0","false",,"5968967.41","5968967.41","0","false","true",
"C","A","20230101","2023","52","2023","807","MKD","North Macedonia","X","Export","0","W00","World","0","W00","World","H6","HS","true","6309","Textiles; worn clothing and other worn articles","4","false","C00","TOTAL CPC","0","0","TOTAL MOT","8","kg","106915","false","8","kg","106915","false","106915","false","0","false",,"165021.939","165021.939","0","false","true",
"C","A","20230101","2023","52","2023","818","EGY","Egypt","X","Export","0","W00","World","0","W00","World","H6","HS","true","6309","Textiles; worn clothing and other worn articles","4","false","C00","TOTAL CPC","0","0","TOTAL MOT","8","kg","144261.237","true","-1","N/A","0","false","144261.237","true","0","false",,"168322.856","168322.856","6","false","true",
"C","A","20230101","2023","52","2023","826","GBR","United Kingdom","X","Export","0","W00","World","0","W00","World","H6","HS","true","6309","Textiles; worn clothing and other worn articles","4","false","C00","TOTAL CPC","0","0","TOTAL MOT","-1","N/A","0","false","-1","N/A","0","false",,"false","0","false",,"486859583.703","486859583.703","0","false","true",
"C","A","20230101","2023","52","2023","834","TZA","United Rep. of Tanzania","X","Export","0","W00","World","0","W00","World","H6","HS","true","6309","Textiles; worn clothing and other worn articles","4","false","C00","TOTAL CPC","0","0","TOTAL MOT","8","kg","1482692.28","false","8","kg","1482692.28","false","1610167.28","false","0","false",,"416060.66","416060.66","0","false","true",
"C","A","20230101","2023","52","2023","842","USA","USA","X","Export","0","W00","World","0","W00","World","H6","HS","true","6309","Textiles; worn clothing and other worn articles","4","false","C00","TOTAL CPC","0","0","TOTAL MOT","-1","N/A","0","false","-1","N/A","0","false",,"false","0","false",,"898582761","898582761","0","false","true",
"C","A","20230101","2023","52","2023","854","BFA","Burkina Faso","X","Export","0","W00","World","0","W00","World","H6","HS","true","6309","Textiles; worn clothing and other worn articles","4","false","C00","TOTAL CPC","0","0","TOTAL MOT","8","kg","45149","false","8","kg","45149","false","45149","false","0","false",,"216610.774","216610.774","0","false","true",
"C","A","20230101","2023","52","2023","858","URY","Uruguay","X","Export","0","W00","World","0","W00","World","H6","HS","true","6309","Textiles; worn clothing and other worn articles","4","false","C00","TOTAL CPC","0","0","TOTAL MOT","8","kg","88.112","false","8","kg","88.112","false","88.112","false","0","false",,"360","360","0","false","true",
"C","A","20230101","2023","52","2023","860","UZB","Uzbekistan","X","Export","0","W00","World","0","W00","World","H6","HS","true","6309","Textiles; worn clothing and other worn articles","4","false","C00","TOTAL CPC","0","0","TOTAL MOT","8","kg","5100","false","21","1000 KG","5.1","false","5100","false","0","false",,"3748","3748","0","false","true",
"C","A","20230101","2023","52","2023","882","WSM","Samoa","X","Export","0","W00","World","0","W00","World","H5","HS","true","6309","Textiles; worn clothing and other worn articles","4","false","C00","TOTAL CPC","0","0","TOTAL MOT","8","kg","3607.914","true","-1","N/A","0","false","3607.914","true","0","false",,"2486.94","2486.94","6","false","true",
"C","A","20230101","2023","52","2023","887","YEM","Yemen","X","Export","0","W00","World","0","W00","World","H4","HS","true","6309","Textiles; worn clothing and other worn articles","4","false","C00","TOTAL CPC","0","0","TOTAL MOT","8","kg","6566.3","false","8","kg","6566.3","false","6566.3","false","0","false",,"3214.845","3214.845","0","false","true",
"C","A","20230101","2023","52","2023","894","ZMB","Zambia","X","Export","0","W00","World","0","W00","World","H6","HS","true","6309","Textiles; worn clothing and other worn articles","4","false","C00","TOTAL CPC","0","0","TOTAL MOT","8","kg","580512.158","true","-1","N/A","0","false","580512.158","true","0","false",,"926087.984","926087.984","6","false","true",
"C","A","20240101","2024","52","2024","8","ALB","Albania","X","Export","0","W00","World","0","W00","World","H6","HS","true","6309","Textiles; worn clothing and other worn articles","4","false","C00","TOTAL CPC","0","0","TOTAL MOT","8","kg","553","false","8","kg","553","false","553","false","0","false",,"4796.278","4796.278","0","false","true",
"C","A","20240101","2024","52","2024","20","AND","Andorra","X","Export","0","W00","World","0","W00","World","H6","HS","true","6309","Textiles; worn clothing and other worn articles","4","false","C00","TOTAL CPC","0","0","TOTAL MOT","8","kg","331750","false","8","kg","331750","false","331750","false","0","false",,"215583.463","215583.463","0","false","true",
"C","A","20240101","2024","52","2024","24","AGO","Angola","X","Export","0","W00","World","0","W00","World","H6","HS","true","6309","Textiles; worn clothing and other worn articles","4","false","C00","TOTAL CPC","0","0","TOTAL MOT","8","kg","615976.739","true","-1","N/A","0","false","615976.739","true","0","false","624060.36","613356.1","613356.1","6","false","true",
"C","A","20240101","2024","52","2024","28","ATG","Antigua and Barbuda","X","Export","0","W00","World","0","W00","World","H3","HS","true","6309","Textiles; worn clothing and other worn articles","4","false","C00","TOTAL CPC","0","0","TOTAL MOT","-1","N/A","0","false","-1","N/A","0","false",,"false","0","false",,"35508.796","35508.796","0","false","true",
"C","A","20240101","2024","52","2024","31","AZE","Azerbaijan","X","Export","0","W00","World","0","W00","World","H6","HS","true","6309","Textiles; worn clothing and other worn articles","4","false","C00","TOTAL CPC","0","0","TOTAL MOT","8","kg","45077.5","false","8","kg","45077.5","false","45077.5","false","0","false",,"93115.28","93115.28","0","false","true",
"C","A","20240101","2024","52","2024","36","AUS","Australia","X","Export","0","W00","World","0","W00","World","H6","HS","true","6309","Textiles; worn clothing and other worn articles","4","false","C00","TOTAL CPC","0","0","TOTAL MOT","-1","N/A","0","false","-1","N/A","0","false",,"false","121526.378","false",,"75695813.112","75695813.112","0","false","true",
"C","A","20240101","2024","52","2024","40","AUT","Austria","X","Export","0","W00","World","0","W00","World","H6","HS","true","6309","Textiles; worn clothing and other worn articles","4","false","C00","TOTAL CPC","0","0","TOTAL MOT","8","kg","32793909.095","true","-1","N/A","0","false","32793909.095","true","0","false",,"21576369.083","21576369.083","6","false","true",
"C","A","20240101","2024","52","2024","44","BHS","Bahamas","X","Export","0","W00","World","0","W00","World","H6","HS","true","6309","Textiles; worn clothing and other worn articles","4","false","C00","TOTAL CPC","0","0","TOTAL MOT","8","kg","77130.144","false","8","kg","77130.144","false","77130.144","false","0","false",,"939885","939885","0","false","true",
"C","A","20240101","2024","52","2024","48","BHR","Bahrain","X","Export","0","W00","World","0","W00","World","H6","HS","true","6309","Textiles; worn clothing and other worn articles","4","false","C00","TOTAL CPC","0","0","TOTAL MOT","8","kg","3925302.07","false","5","u","492864","false","3925302.07","false","0","false",,"3257211.027","3257211.027","0","false","true",
"C","A","20240101","2024","52","2024","51","ARM","Armenia","X","Export","0","W00","World","0","W00","World","H6","HS","true","6309","Textiles; worn clothing and other worn articles","4","false","C00","TOTAL CPC","0","0","TOTAL MOT","8","kg","219073.15","false","8","kg","219073.15","false","219073.15","false","0","false",,"1210902.21","1210902.21","0","false","true",
"C","A","20240101","2024","52","2024","56","BEL","Belgium","X","Export","0","W00","World","0","W00","World","H6","HS","true","6309","Textiles; worn clothing and other worn articles","4","false","C00","TOTAL CPC","0","0","TOTAL MOT","-1","N/A","0","false","-1","N/A","0","false",,"false","0","false",,"112761545.953","112761545.953","0","false","true",
"C","A","20240101","2024","52","2024","60","BMU","Bermuda","X","Export","0","W00","World","0","W00","World","H6","HS","true","6309","Textiles; worn clothing and other worn articles","4","false","C00","TOTAL CPC","0","0","TOTAL MOT","8","kg","10","false","8","kg","10","false","10","false","0","false",,"73.65","73.65","0","false","true",
"C","A","20240101","2024","52","2024","70","BIH","Bosnia Herzegovina","X","Export","0","W00","World","0","W00","World","H6","HS","true","6309","Textiles; worn clothing and other worn articles","4","false","C00","TOTAL CPC","0","0","TOTAL MOT","8","kg","102133.33","false","8","kg","102133.33","false","102133.33","false","0","false",,"371795.332","371795.332","0","false","true",
"C","A","20240101","2024","52","2024","76","BRA","Brazil","X","Export","0","W00","World","0","W00","World","H6","HS","true","6309","Textiles; worn clothing and other worn articles","4","false","C00","TOTAL CPC","0","0","TOTAL MOT","-1","N/A","0","false","-1","N/A","0","false",,"false","0","false",,"484523","484523","0","false","true",
"C","A","20240101","2024","52","2024","84","BLZ","Belize","X","Export","0","W00","World","0","W00","World","H6","HS","true","6309","Textiles; worn clothing and other worn articles","4","false","C00","TOTAL CPC","0","0","TOTAL MOT","8","kg","15286.404","false","8","kg","15286.404","false","15286.404","false","0","false",,"263363.125","263363.125","0","false","true",
"C","A","20240101","2024","52","2024","100","BGR","Bulgaria","X","Export","0","W00","World","0","W00","World","H6","HS","true","6309","Textiles; worn clothing and other worn articles","4","false","C00","TOTAL CPC","0","0","TOTAL MOT","8","kg","37129605","false","8","kg","37129605","false","37129605","false","0","false",,"64603177.285","64603177.285","0","false","true",
"C","A","20240101","2024","52","2024","116","KHM","Cambodia","X","Export","0","W00","World","0","W00","World","H6","HS","true","6309","Textiles; worn clothing and other worn articles","4","false","C00","TOTAL CPC","0","0","TOTAL MOT","8","kg","2150321.67","false","8","kg","2150321.67","false","2150321.67","false","0","false",,"3076606.03","3076606.03","0","false","true",
"C","A","20240101","2024","52","2024","124","CAN","Canada","X","Export","0","W00","World","0","W00","World","H6","HS","true","6309","Textiles; worn clothing and other worn articles","4","false","C00","TOTAL CPC","0","0","TOTAL MOT","8","kg","112250063.875","true","-1","N/A","0","false","112250063.875","true","0","false",,"123291722.154","123291722.154","6","false","true",
"C","A","20240101","2024","52","2024","136","CYM","Cayman Isds","X","Export","0","W00","World","0","W00","World","H5","HS","true","6309","Textiles; worn clothing and other worn articles","4","false","C00","TOTAL CPC","0","0","TOTAL MOT","8","kg","23485.456","true","-1","N/A","0","false","23485.456","true","0","false",,"27039.1","27039.1","6","false","true",
"C","A","20240101","2024","52","2024","140","CAF","Central African Rep.","X","Export","0","W00","World","0","W00","World","H6","HS","true","6309","Textiles; worn clothing and other worn articles","4","false","C00","TOTAL CPC","0","0","TOTAL MOT","8","kg","5000","false","8","kg","5000","false","5000","false","0","false",,"26104.59","26104.59","0","false","true",
"C","A","20240101","2024","52","2024","144","LKA","Sri Lanka","X","Export","0","W00","World","0","W00","World","H6","HS","true","6309","Textiles; worn clothing and other worn articles","4","false","C00","TOTAL CPC","0","0","TOTAL MOT","8","kg","76863","false","8","kg","76863","false","76863","false","0","false",,"106240.567","106240.567","0","false","true",
"C","A","20240101","2024","52","2024","152","CHL","Chile","X","Export","0","W00","World","0","W00","World","H6","HS","true","6309","Textiles; worn clothing and other worn articles","4","false","C00","TOTAL CPC","0","0","TOTAL MOT","8","kg","3873703.53","false","8","kg","3873703.53","false","3873703.53","false","0","false",,"8821313.842","8821313.842","0","false","true",
"C","A","20240101","2024","52","2024","156","CHN","China","X","Export","0","W00","World","0","W00","World","H6","HS","true","6309","Textiles; worn clothing and other worn articles","4","false","C00","TOTAL CPC","0","0","TOTAL MOT","8","kg","1147550613","false","8","kg","1147550613","false","1147550613","false","0","false",,"654129500","654129500","0","false","true",
"C","A","20240101","2024","52","2024","170","COL","Colombia","X","Export","0","W00","World","0","W00","World","H6","HS","true","6309","Textiles; worn clothing and other worn articles","4","false","C00","TOTAL CPC","0","0","TOTAL MOT","8","kg","202.69","false","8","kg","202.69","false","202.69","false","0","false",,"2396.97","2396.97","0","false","true",
"C","A","20240101","2024","52","2024","180","COD","Dem. Rep. of the Congo","X","Export","0","W00","World","0","W00","World","H6","HS","true","6309","Textiles; worn clothing and other worn articles","4","false","C00","TOTAL CPC","0","0","TOTAL MOT","8","kg","175802","false","8","kg","175802","false","175802","false","0","false",,"1200881.873","1200881.873","0","false","true",
"C","A","20240101","2024","52","2024","188","CRI","Costa Rica","X","Export","0","W00","World","0","W00","World","H6","HS","true","6309","Textiles; worn clothing and other worn articles","4","false","C00","TOTAL CPC","0","0","TOTAL MOT","8","kg","2159592.78","false","8","kg","2159592.78","false","2159592.78","false","0","false",,"1556945.88","1556945.88","0","false","true",
"C","A","20240101","2024","52","2024","191","HRV","Croatia","X","Export","0","W00","World","0","W00","World","H6","HS","true","6309","Textiles; worn clothing and other worn articles","4","false","C00","TOTAL CPC","0","0","TOTAL MOT","8","kg","3219321.49","false","8","kg","3219321.49","false","3219321.49","false","0","false",,"757936","757936","0","false","true",
"C","A","20240101","2024","52","2024","196","CYP","Cyprus","X","Export","0","W00","World","0","W00","World","H6","HS","true","6309","Textiles; worn clothing and other worn articles","4","false","C00","TOTAL CPC","0","0","TOTAL MOT","8","kg","3205540","false","8","kg","3205540","false","3205540","false","0","false",,"1327448.714","1327448.714","0","false","true",
"C","A","20240101","2024","52","2024","203","CZE","Czechia","X","Export","0","W00","World","0","W00","World","H6","HS","true","6309","Textiles; worn clothing and other worn articles","4","false","C00","TOTAL CPC","0","0","TOTAL MOT","8","kg","34884295","false","8","kg","34884295","false","34884295","false","0","false",,"21823801","21823801","0","false","true",
"C","A","20240101","2024","52","2024","204","BEN","Benin","X","Export","0","W00","World","0","W00","World","H6","HS","true","6309","Textiles; worn clothing and other worn articles","4","false","C00","TOTAL CPC","0","0","TOTAL MOT","8","kg","1160848","false","8","kg","1160848","false","1160848","false","0","false",,"695534.231","695534.231","0","false","true",
"C","A","20240101","2024","52","2024","208","DNK","Denmark","X","Export","0","W00","World","0","W00","World","H6","HS","true","6309","Textiles; worn clothing and other worn articles","4","false","C00","TOTAL CPC","0","0","TOTAL MOT","-1","N/A","0","false","-1","N/A","0","false",,"false","0","false",,"9869386.729","9869386.729","0","false","true",
"C","A","20240101","2024","52","2024","214","DOM","Dominican Rep.","X","Export","0","W00","World","0","W00","World","H6","HS","true","6309","Textiles; worn clothing and other worn articles","4","false","C00","TOTAL CPC","0","0","TOTAL MOT","-1","N/A","0","false","-1","N/A","0","false",,"false","0","false",,"91842.115","91842.115","0","false","true",
"C","A","20240101","2024","52","2024","218","ECU","Ecuador","X","Export","0","W00","World","0","W00","World","H6","HS","true","6309","Textiles; worn clothing and other worn articles","4","false","C00","TOTAL CPC","0","0","TOTAL MOT","8","kg","35","false","8","kg","35","false","35","false","0","false",,"126","126","0","false","true",
"C","A","20240101","2024","52","2024","222","SLV","El Salvador","X","Export","0","W00","World","0","W00","World","H6","HS","true","6309","Textiles; worn clothing and other worn articles","4","false","C00","TOTAL CPC","0","0","TOTAL MOT","8","kg","536671.48","false","8","kg","536671.48","false","536671.48","false","0","false",,"972147.23","972147.23","0","false","true",
"C","A","20240101","2024","52","2024","233","EST","Estonia","X","Export","0","W00","World","0","W00","World","H6","HS","true","6309","Textiles; worn clothing and other worn articles","4","false","C00","TOTAL CPC","0","0","TOTAL MOT","8","kg","6188345.7","false","8","kg","6188345.7","false","6188345.7","false","0","false",,"4510931.84","4510931.84","0","false","true",
"C","A","20240101","2024","52","2024","242","FJI","Fiji","X","Export","0","W00","World","0","W00","World","H6","HS","true","6309","Textiles; worn clothing and other worn articles","4","false","C00","TOTAL CPC","0","0","TOTAL MOT","8","kg","27624.56","false","8","kg","27624.56","false","27624.56","false","0","false",,"278747.077","278747.077","0","false","true",
"C","A","20240101","2024","52","2024","246","FIN","Finland","X","Export","0","W00","World","0","W00","World","H6","HS","true","6309","Textiles; worn clothing and other worn articles","4","false","C00","TOTAL CPC","0","0","TOTAL MOT","8","kg","20423665.33","true","-1","N/A","0","false","20423665.33","true","0","false",,"11215953.116","11215953.116","6","false","true",
"C","A","20240101","2024","52","2024","251","FRA","France","X","Export","0","W00","World","0","W00","World","H6","HS","true","6309","Textiles; worn clothing and other worn articles","4","false","C00","TOTAL CPC","0","0","TOTAL MOT","8","kg","166804433.205","true","-1","N/A","0","false","166804433.205","true","0","false",,"92568314.76","92568314.76","6","false","true",
"C","A","20240101","2024","52","2024","268","GEO","Georgia","X","Export","0","W00","World","0","W00","World","H6","HS","true","6309","Textiles; worn clothing and other worn articles","4","false","C00","TOTAL CPC","0","0","TOTAL MOT","8","kg","102844.84","false","8","kg","102844.84","false","102844.84","false","0","false",,"282812.4","282812.4","0","false","true",
"C","A","20240101","2024","52","2024","270","GMB","Gambia","X","Export","0","W00","World","0","W00","World","H6","HS","true","6309","Textiles; worn clothing and other worn articles","4","false","C00","TOTAL CPC","0","0","TOTAL MOT","8","kg","51692","false","8","kg","51692","false","51692","false","0","false",,"178683.444","178683.444","0","false","true",
"C","A","20240101","2024","52","2024","276","DEU","Germany","X","Export","0","W00","World","0","W00","World","H6","HS","true","6309","Textiles; worn clothing and other worn articles","4","false","C00","TOTAL CPC","0","0","TOTAL MOT","8","kg","437971019.241","true","-1","N/A","0","false","437971019.241","true","0","false",,"273864969.943","273864969.943","6","false","true",
"C","A","20240101","2024","52","2024","288","GHA","Ghana","X","Export","0","W00","World","0","W00","World","H6","HS","true","6309","Textiles; worn clothing and other worn articles","4","false","C00","TOTAL CPC","0","0","TOTAL MOT","-1","N/A","0","false","8","kg","798202.4","false","2559711.547","false","0","false",,"1028413.017","1028413.017","0","false","true",
"C","A","20240101","2024","52","2024","300","GRC","Greece","X","Export","0","W00","World","0","W00","World","H6","HS","true","6309","Textiles; worn clothing and other worn articles","4","false","C00","TOTAL CPC","0","0","TOTAL MOT","8","kg","16084409.16","true","-1","N/A","0","false","16084409.16","true","0","false",,"8793575.995","8793575.995","6","false","true",
"C","A","20240101","2024","52","2024","320","GTM","Guatemala","X","Export","0","W00","World","0","W00","World","H6","HS","true","6309","Textiles; worn clothing and other worn articles","4","false","C00","TOTAL CPC","0","0","TOTAL MOT","8","kg","1207102","false","8","kg","1207102","false","1207102","false","0","false",,"941341","941341","0","false","true",
"C","A","20240101","2024","52","2024","328","GUY","Guyana","X","Export","0","W00","World","0","W00","World","H5","HS","true","6309","Textiles; worn clothing and other worn articles","4","false","C00","TOTAL CPC","0","0","TOTAL MOT","8","kg","14965.97","false","5","u","18997","false","14965.97","false","0","false",,"104187.564","104187.564","0","false","true",
"C","A","20240101","2024","52","2024","340","HND","Honduras","X","Export","0","W00","World","0","W00","World","H6","HS","true","6309","Textiles; worn clothing and other worn articles","4","false","C00","TOTAL CPC","0","0","TOTAL MOT","8","kg","275606.94","false","8","kg","275606.94","false","275606.94","false","0","false",,"335077","335077","0","false","true",
"C","A","20240101","2024","52","2024","344","HKG","China, Hong Kong SAR","X","Export","0","W00","World","0","W00","World","H6","HS","true","6309","Textiles; worn clothing and other worn articles","4","false","C00","TOTAL CPC","0","0","TOTAL MOT","8","kg","26937256","false","8","kg","26937256","false","26937256","false","0","false",,"20701907.271","20701907.271","0","false","true",
"C","A","20240101","2024","52","2024","348","HUN","Hungary","X","Export","0","W00","World","0","W00","World","H6","HS","true","6309","Textiles; worn clothing and other worn articles","4","false","C00","TOTAL CPC","0","0","TOTAL MOT","8","kg","50035029.8","false","8","kg","50035029.8","false","50035029.8","false","0","false",,"53838930.039","53838930.039","0","false","true",
"C","A","20240101","2024","52","2024","352","ISL","Iceland","X","Export","0","W00","World","0","W00","World","H6","HS","true","6309","Textiles; worn clothing and other worn articles","4","false","C00","TOTAL CPC","0","0","TOTAL MOT","8","kg","2407435","false","8","kg","2407435","false","2407435","false","0","false",,"640295.776","640295.776","0","false","true",
"C","A","20240101","2024","52","2024","360","IDN","Indonesia","X","Export","0","W00","World","0","W00","World","H6","HS","true","6309","Textiles; worn clothing and other worn articles","4","false","C00","TOTAL CPC","0","0","TOTAL MOT","-1","N/A","0","false","-1","N/A","0","false",,"false","0","false",,"4548051.459","4548051.459","0","false","true",
"C","A","20240101","2024","52","2024","372","IRL","Ireland","X","Export","0","W00","World","0","W00","World","H6","HS","true","6309","Textiles; worn clothing and other worn articles","4","false","C00","TOTAL CPC","0","0","TOTAL MOT","8","kg","12273231","false","8","kg","12273231","false","12273231","false","0","false",,"8782483.76","8782483.76","0","false","true",
"C","A","20240101","2024","52","2024","376","ISR","Israel","X","Export","0","W00","World","0","W00","World","H6","HS","true","6309","Textiles; worn clothing and other worn articles","4","false","C00","TOTAL CPC","0","0","TOTAL MOT","8","kg","15071613.171","true","-1","N/A","0","false","15071613.171","true","0","false",,"16591000","16591000","6","false","true",
"C","A","20240101","2024","52","2024","380","ITA","Italy","X","Export","0","W00","World","0","W00","World","H6","HS","true","6309","Textiles; worn clothing and other worn articles","4","false","C00","TOTAL CPC","0","0","TOTAL MOT","-1","N/A","0","false","-1","N/A","0","false",,"false","0","false",,"126006518.039","126006518.039","0","false","true",
"C","A","20240101","2024","52","2024","384","CIV","Côte d'Ivoire","X","Export","0","W00","World","0","W00","World","H6","HS","true","6309","Textiles; worn clothing and other worn articles","4","false","C00","TOTAL CPC","0","0","TOTAL MOT","8","kg","120446","false","8","kg","120446","false","120446","false","0","false",,"32155.236","32155.236","0","false","true",
"C","A","20240101","2024","52","2024","388","JAM","Jamaica","X","Export","0","W00","World","0","W00","World","H6","HS","true","6309","Textiles; worn clothing and other worn articles","4","false","C00","TOTAL CPC","0","0","TOTAL MOT","8","kg","2469.67","false","8","kg","2469.67","false","2469.67","false","0","false",,"32769","32769","0","false","true",
"C","A","20240101","2024","52","2024","392","JPN","Japan","X","Export","0","W00","World","0","W00","World","H6","HS","true","6309","Textiles; worn clothing and other worn articles","4","false","C00","TOTAL CPC","0","0","TOTAL MOT","-1","N/A","0","false","-1","N/A","0","false",,"false","0","false",,"103897374.587","103897374.587","0","false","true",
"C","A","20240101","2024","52","2024","398","KAZ","Kazakhstan","X","Export","0","W00","World","0","W00","World","H6","HS","true","6309","Textiles; worn clothing and other worn articles","4","false","C00","TOTAL CPC","0","0","TOTAL MOT","8","kg","19841521.54","false","8","kg","19841521.54","false","19841521.54","false","0","false",,"1235081.53","1235081.53","0","false","true",
"C","A","20240101","2024","52","2024","400","JOR","Jordan","X","Export","0","W00","World","0","W00","World","H6","HS","true","6309","Textiles; worn clothing and other worn articles","4","false","C00","TOTAL CPC","0","0","TOTAL MOT","8","kg","541557","false","8","kg","541557","false","541557","false","0","false",,"107181.464","107181.464","0","false","true",
"C","A","20240101","2024","52","2024","404","KEN","Kenya","X","Export","0","W00","World","0","W00","World","H6","HS","true","6309","Textiles; worn clothing and other worn articles","4","false","C00","TOTAL CPC","0","0","TOTAL MOT","8","kg","1656272.29","false","8","kg","1656272.29","false","1656272.29","false","0","false",,"747318.393","747318.393","0","false","true",
"C","A","20240101","2024","52","2024","410","KOR","Rep. of Korea","X","Export","0","W00","World","0","W00","World","H6","HS","true","6309","Textiles; worn clothing and other worn articles","4","false","C00","TOTAL CPC","0","0","TOTAL MOT","8","kg","305783734.068","true","-1","N/A","0","false","305783734.068","true","0","false",,"366486357","366486357","6","false","true",
"C","A","20240101","2024","52","2024","414","KWT","Kuwait","X","Export","0","W00","World","0","W00","World","H6","HS","true","6309","Textiles; worn clothing and other worn articles","4","false","C00","TOTAL CPC","0","0","TOTAL MOT","8","kg","4497907.123","true","-1","N/A","0","false","4497907.123","true","0","false",,"4940351","4940351","6","false","true",
"C","A","20240101","2024","52","2024","417","KGZ","Kyrgyzstan","X","Export","0","W00","World","0","W00","World","H6","HS","true","6309","Textiles; worn clothing and other worn articles","4","false","C00","TOTAL CPC","0","0","TOTAL MOT","8","kg","328378","false","8","kg","328378","false","328378","false","0","false",,"527791","527791","0","false","true",
"C","A","20240101","2024","52","2024","422","LBN","Lebanon","X","Export","0","W00","World","0","W00","World","H5","HS","true","6309","Textiles; worn clothing and other worn articles","4","false","C00","TOTAL CPC","0","0","TOTAL MOT","8","kg","960298.221","true","-1","N/A","0","false","960298.221","true","0","false",,"1057107","1057107","6","false","true",
"C","A","20240101","2024","52","2024","426","LSO","Lesotho","X","Export","0","W00","World","0","W00","World","H6","HS","true","6309","Textiles; worn clothing and other worn articles","4","false","C00","TOTAL CPC","0","0","TOTAL MOT","8","kg","60050","false","8","kg","60050","false","60050","false","0","false",,"33236.837","33236.837","0","false","true",
"C","A","20240101","2024","52","2024","428","LVA","Latvia","X","Export","0","W00","World","0","W00","World","H6","HS","true","6309","Textiles; worn clothing and other worn articles","4","false","C00","TOTAL CPC","0","0","TOTAL MOT","-1","N/A","0","false","-1","N/A","0","false",,"false","0","false",,"20890547.075","20890547.075","0","false","true",
"C","A","20240101","2024","52","2024","440","LTU","Lithuania","X","Export","0","W00","World","0","W00","World","H6","HS","true","6309","Textiles; worn clothing and other worn articles","4","false","C00","TOTAL CPC","0","0","TOTAL MOT","8","kg","52685395.6","false","8","kg","52685395.6","false","52685395.6","false","0","false",,"79615109","79615109","0","false","true",
"C","A","20240101","2024","52","2024","442","LUX","Luxembourg","X","Export","0","W00","World","0","W00","World","H6","HS","true","6309","Textiles; worn clothing and other worn articles","4","false","C00","TOTAL CPC","0","0","TOTAL MOT","-1","N/A","0","false","-1","N/A","0","false",,"false","0","false",,"612754.206","612754.206","0","false","true",
"C","A","20240101","2024","52","2024","446","MAC","China, Macao SAR","X","Export","0","W00","World","0","W00","World","H6","HS","true","6309","Textiles; worn clothing and other worn articles","4","false","C00","TOTAL CPC","0","0","TOTAL MOT","8","kg","399685","false","8","kg","399685","false","399685","false","0","false",,"192348.791","192348.791","0","false","true",
"C","A","20240101","2024","52","2024","450","MDG","Madagascar","X","Export","0","W00","World","0","W00","World","H6","HS","true","6309","Textiles; worn clothing and other worn articles","4","false","C00","TOTAL CPC","0","0","TOTAL MOT","8","kg","109036","false","8","kg","109036","false","109036","false","0","false",,"106049.538","106049.538","0","false","true",
"C","A","20240101","2024","52","2024","454","MWI","Malawi","X","Export","0","W00","World","0","W00","World","H6","HS","true","6309","Textiles; worn clothing and other worn articles","4","false","C00","TOTAL CPC","0","0","TOTAL MOT","8","kg","59224.3","false","5","u","26854","false","59224.3","false","0","false",,"101584.619","101584.619","0","false","true",
"C","A","20240101","2024","52","2024","458","MYS","Malaysia","X","Export","0","W00","World","0","W00","World","H6","HS","true","6309","Textiles; worn clothing and other worn articles","4","false","C00","TOTAL CPC","0","0","TOTAL MOT","8","kg","97509424.948","false","8","kg","97509424.948","false","97509424.948","false","0","false",,"84596324.568","84596324.568","0","false","true",
"C","A","20240101","2024","52","2024","470","MLT","Malta","X","Export","0","W00","World","0","W00","World","H6","HS","true","6309","Textiles; worn clothing and other worn articles","4","false","C00","TOTAL CPC","0","0","TOTAL MOT","8","kg","1443452","false","8","kg","1443452","false","1443452","false","0","false",,"831102.589","831102.589","0","false","true",
"C","A","20240101","2024","52","2024","480","MUS","Mauritius","X","Export","0","W00","World","0","W00","World","H6","HS","true","6309","Textiles; worn clothing and other worn articles","4","false","C00","TOTAL CPC","0","0","TOTAL MOT","8","kg","15182","false","8","kg","15182","false","17858","false","0","false",,"10587.365","10587.365","0","false","true",
"C","A","20240101","2024","52","2024","484","MEX","Mexico","X","Export","0","W00","World","0","W00","World","H6","HS","true","6309","Textiles; worn clothing and other worn articles","4","false","C00","TOTAL CPC","0","0","TOTAL MOT","8","kg","6645","false","8","kg","6645","false","6645","false","0","false",,"8920","8920","0","false","true",
"C","A","20240101","2024","52","2024","490","S19","Other Asia, nes","X","Export","0","W00","World","0","W00","World","H6","HS","true","6309","Textiles; worn clothing and other worn articles","4","false","C00","TOTAL CPC","0","0","TOTAL MOT","8","kg","35487906","false","8","kg","35487906","false","35487906","false","0","false",,"16221575.137","16221575.137","0","false","true",
"C","A","20240101","2024","52","2024","498","MDA","Rep. of Moldova","X","Export","0","W00","World","0","W00","World","H6","HS","true","6309","Textiles; worn clothing and other worn articles","4","false","C00","TOTAL CPC","0","0","TOTAL MOT","8","kg","26579","false","8","kg","26579","false","26579","false","0","false",,"64802","64802","0","false","true",
"C","A","20240101","2024","52","2024","499","MNE","Montenegro","X","Export","0","W00","World","0","W00","World","H6","HS","true","6309","Textiles; worn clothing and other worn articles","4","false","C00","TOTAL CPC","0","0","TOTAL MOT","8","kg","79665.22","false","8","kg","79665.22","false","79665.22","false","0","false",,"593212.677","593212.677","0","false","true",
"C","A","20240101","2024","52","2024","500","MSR","Montserrat","X","Export","0","W00","World","0","W00","World","H5","HS","true","6309","Textiles; worn clothing and other worn articles","4","false","C00","TOTAL CPC","0","0","TOTAL MOT","8","kg","550","false","8","kg","550","false","550","false","0","false",,"518.519","518.519","0","false","true",
"C","A","20240101","2024","52","2024","504","MAR","Morocco","X","Export","0","W00","World","0","W00","World","H6","HS","true","6309","Textiles; worn clothing and other worn articles","4","false","C00","TOTAL CPC","0","0","TOTAL MOT","8","kg","27272817","false","8","kg","27272817","false","27272817","false","0","false",,"21703643.785","21703643.785","0","false","true",
"C","A","20240101","2024","52","2024","508","MOZ","Mozambique","X","Export","0","W00","World","0","W00","World","H6","HS","true","6309","Textiles; worn clothing and other worn articles","4","false","C00","TOTAL CPC","0","0","TOTAL MOT","8","kg","789","false","8","kg","789","false","789","false","0","false",,"3678.1","3678.1","0","false","true",
"C","A","20240101","2024","52","2024","512","OMN","Oman","X","Export","0","W00","World","0","W00","World","H6","HS","true","6309","Textiles; worn clothing and other worn articles","4","false","C00","TOTAL CPC","0","0","TOTAL MOT","8","kg","10284677","false","8","kg","10284677","false","10284677","false","0","false",,"3481505.846","3481505.846","0","false","true",
"C","A","20240101","2024","52","2024","516","NAM","Namibia","X","Export","0","W00","World","0","W00","World","H6","HS","true","6309","Textiles; worn clothing and other worn articles","4","false","C00","TOTAL CPC","0","0","TOTAL MOT","8","kg","3728.2","false","-1","N/A","0","false","3728.2","false","0","false","8052.436","8052.436","8052.436","0","false","true",
"C","A","20240101","2024","52","2024","528","NLD","Netherlands","X","Export","0","W00","World","0","W00","World","H6","HS","true","6309","Textiles; worn clothing and other worn articles","4","false","C00","TOTAL CPC","0","0","TOTAL MOT","8","kg","164321315","false","8","kg","164321315","false","164321315","false","0","false",,"199460926.13","199460926.13","0","false","true",
"C","A","20240101","2024","52","2024","554","NZL","New Zealand","X","Export","0","W00","World","0","W00","World","H6","HS","true","6309","Textiles; worn clothing and other worn articles","4","false","C00","TOTAL CPC","0","0","TOTAL MOT","8","kg","7024243.163","true","-1","N/A","0","false","7024243.163","true","7465540","false",,"7311218.251","7311218.251","6","false","true",
"C","A","20240101","2024","52","2024","558","NIC","Nicaragua","X","Export","0","W00","World","0","W00","World","H6","HS","true","6309","Textiles; worn clothing and other worn articles","4","false","C00","TOTAL CPC","0","0","TOTAL MOT","8","kg","685784.9","false","8","kg","685784.9","false","685784.9","false","0","false",,"1185601.6","1185601.6","0","false","true",
"C","A","20240101","2024","52","2024","562","NER","Niger","X","Export","0","W00","World","0","W00","World","H6","HS","true","6309","Textiles; worn clothing and other worn articles","4","false","C00","TOTAL CPC","0","0","TOTAL MOT","8","kg","5841800","false","8","kg","5841800","false","5841800","false","0","false",,"2514035.341","2514035.341","0","false","true",
"C","A","20240101","2024","52","2024","579","NOR","Norway","X","Export","0","W00","World","0","W00","World","H6","HS","true","6309","Textiles; worn clothing and other worn articles","4","false","C00","TOTAL CPC","0","0","TOTAL MOT","8","kg","30219315","false","8","kg","30219315","false","30219315","false","0","false",,"26798844.862","26798844.862","0","false","true",
"C","A","20240101","2024","52","2024","586","PAK","Pakistan","X","Export","0","W00","World","0","W00","World","H6","HS","true","6309","Textiles; worn clothing and other worn articles","4","false","C00","TOTAL CPC","0","0","TOTAL MOT","8","kg","307262946.109","true","-1","N/A","0","false","307262946.109","true","0","false",,"283950329.458","283950329.458","6","false","true",
"C","A","20240101","2024","52","2024","591","PAN","Panama","X","Export","0","W00","World","0","W00","World","H6","HS","true","6309","Textiles; worn clothing and other worn articles","4","false","C00","TOTAL CPC","0","0","TOTAL MOT","8","kg","80642","false","8","kg","80642","false","80642","false","80642","false",,"214143","214143","0","false","true",
"C","A","20240101","2024","52","2024","600","PRY","Paraguay","X","Export","0","W00","World","0","W00","World","H6","HS","true","6309","Textiles; worn clothing and other worn articles","4","false","C00","TOTAL CPC","0","0","TOTAL MOT","8","kg","94","false","8","kg","94","false","94","false","0","false",,"250","250","0","false","true",
"C","A","20240101","2024","52","2024","604","PER","Peru","X","Export","0","W00","World","0","W00","World","H6","HS","true","6309","Textiles; worn clothing and other worn articles","4","false","C00","TOTAL CPC","0","0","TOTAL MOT","8","kg","10.603","false","8","kg","10.603","false","10.603","false","0","false",,"142.594","142.594","0","false","true",
"C","A","20240101","2024","52","2024","608","PHL","Philippines","X","Export","0","W00","World","0","W00","World","H6","HS","true","6309","Textiles; worn clothing and other worn articles","4","false","C00","TOTAL CPC","0","0","TOTAL MOT","8","kg","28442441.72","false","8","kg","28442441.72","false","28442441.72","false","28442441.72","false",,"9212929","9212929","0","false","true",
"C","A","20240101","2024","52","2024","616","POL","Poland","X","Export","0","W00","World","0","W00","World","H6","HS","true","6309","Textiles; worn clothing and other worn articles","4","false","C00","TOTAL CPC","0","0","TOTAL MOT","8","kg","169316875","false","8","kg","169316875","false","169316875","false","0","false",,"183318232","183318232","0","false","true",
"C","A","20240101","2024","52","2024","620","PRT","Portugal","X","Export","0","W00","World","0","W00","World","H6","HS","true","6309","Textiles; worn clothing and other worn articles","4","false","C00","TOTAL CPC","0","0","TOTAL MOT","8","kg","24900807.243","true","-1","N/A","0","false","24900807.243","true","0","false",,"12221535.881","12221535.881","6","false","true",
"C","A","20240101","2024","52","2024","634","QAT","Qatar","X","Export","0","W00","World","0","W00","World","H6","HS","true","6309","Textiles; worn clothing and other worn articles","4","false","C00","TOTAL CPC","0","0","TOTAL MOT","8","kg","3953223","false","8","kg","3953223","false","3953223","false","0","false",,"2828700.226","2828700.226","0","false","true",
"C","A","20240101","2024","52","2024","642","ROU","Romania","X","Export","0","W00","World","0","W00","World","H6","HS","true","6309","Textiles; worn clothing and other worn articles","4","false","C00","TOTAL CPC","0","0","TOTAL MOT","8","kg","2927172.61","false","8","kg","2927172.61","false","2927172.61","false","0","false",,"1610199.15","1610199.15","0","false","true",
"C","A","20240101","2024","52","2024","682","SAU","Saudi Arabia","X","Export","0","W00","World","0","W00","World","H6","HS","true","6309","Textiles; worn clothing and other worn articles","4","false","C00","TOTAL CPC","0","0","TOTAL MOT","8","kg","71689991","false","8","kg","71689991","false","71689991","false","0","false",,"38577109.969","38577109.969","0","false","true",
"C","A","20240101","2024","52","2024","686","SEN","Senegal","X","Export","0","W00","World","0","W00","World","H6","HS","true","6309","Textiles; worn clothing and other worn articles","4","false","C00","TOTAL CPC","0","0","TOTAL MOT","8","kg","1815180","false","8","kg","1815180","false","1815180","false","0","false",,"470807.758","470807.758","0","false","true",
"C","A","20240101","2024","52","2024","688","SRB","Serbia","X","Export","0","W00","World","0","W00","World","H6","HS","true","6309","Textiles; worn clothing and other worn articles","4","false","C00","TOTAL CPC","0","0","TOTAL MOT","8","kg","333577","false","8","kg","333577","false","333577","false","0","false",,"175293","175293","0","false","true",
"C","A","20240101","2024","52","2024","690","SYC","Seychelles","X","Export","0","W00","World","0","W00","World","H6","HS","true","6309","Textiles; worn clothing and other worn articles","4","false","C00","TOTAL CPC","0","0","TOTAL MOT","8","kg","2736.8","false","8","kg","2736.8","false","2736.8","false","0","false",,"571.479","571.479","0","false","true",
"C","A","20240101","2024","52","2024","699","IND","India","X","Export","0","W00","World","0","W00","World","H6","HS","true","6309","Textiles; worn clothing and other worn articles","4","false","C00","TOTAL CPC","0","0","TOTAL MOT","8","kg","56089880.698","true","-1","N/A","0","false","56089880.698","true","0","false",,"74272567.576","74272567.576","6","false","true",
"C","A","20240101","2024","52","2024","702","SGP","Singapore","X","Export","0","W00","World","0","W00","World","H6","HS","true","6309","Textiles; worn clothing and other worn articles","4","false","C00","TOTAL CPC","0","0","TOTAL MOT","8","kg","22427011.513","true","-1","N/A","0","false","22427011.513","true","0","false",,"11095005.359","11095005.359","6","false","true",
"C","A","20240101","2024","52","2024","703","SVK","Slovakia","X","Export","0","W00","World","0","W00","World","H6","HS","true","6309","Textiles; worn clothing and other worn articles","4","false","C00","TOTAL CPC","0","0","TOTAL MOT","8","kg","29457902","false","8","kg","29457902","false","29457902","false","0","false",,"32679413.771","32679413.771","0","false","true",
"C","A","20240101","2024","52","2024","705","SVN","Slovenia","X","Export","0","W00","World","0","W00","World","H6","HS","true","6309","Textiles; worn clothing and other worn articles","4","false","C00","TOTAL CPC","0","0","TOTAL MOT","8","kg","3233351.106","false","8","kg","3233351.106","false","3233351.106","false","0","false",,"1706312.792","1706312.792","0","false","true",
"C","A","20240101","2024","52","2024","710","ZAF","South Africa","X","Export","0","W00","World","0","W00","World","H6","HS","true","6309","Textiles; worn clothing and other worn articles","4","false","C00","TOTAL CPC","0","0","TOTAL MOT","8","kg","1120854.306","true","-1","N/A","0","false","1120854.306","true","0","false",,"1486640.97","1486640.97","6","false","true",
"C","A","20240101","2024","52","2024","716","ZWE","Zimbabwe","X","Export","0","W00","World","0","W00","World","H6","HS","true","6309","Textiles; worn clothing and other worn articles","4","false","C00","TOTAL CPC","0","0","TOTAL MOT","8","kg","141298.26","false","8","kg","141298.26","false","141298.26","false","0","false",,"248719.509","248719.509","0","false","true",
"C","A","20240101","2024","52","2024","724","ESP","Spain","X","Export","0","W00","World","0","W00","World","H6","HS","true","6309","Textiles; worn clothing and other worn articles","4","false","C00","TOTAL CPC","0","0","TOTAL MOT","8","kg","137322041.61","false","8","kg","137322041.61","false","137322041.61","false","0","false",,"74541366.015","74541366.015","0","false","true",
"C","A","20240101","2024","52","2024","740","SUR","Suriname","X","Export","0","W00","World","0","W00","World","H3","HS","true","6309","Textiles; worn clothing and other worn articles","4","false","C00","TOTAL CPC","0","0","TOTAL MOT","8","kg","44193","false","5","u","5303","false","44193","false","44741","false",,"78677.233","78677.233","0","false","true",
"C","A","20240101","2024","52","2024","752","SWE","Sweden","X","Export","0","W00","World","0","W00","World","H6","HS","true","6309","Textiles; worn clothing and other worn articles","4","false","C00","TOTAL CPC","0","0","TOTAL MOT","8","kg","35021471.531","true","-1","N/A","0","false","35021471.531","true","0","false",,"25327799.197","25327799.197","6","false","true",
"C","A","20240101","2024","52","2024","757","CHE","Switzerland","X","Export","0","W00","World","0","W00","World","H6","HS","true","6309","Textiles; worn clothing and other worn articles","4","false","C00","TOTAL CPC","0","0","TOTAL MOT","-1","N/A","0","false","-1","N/A","0","false",,"false","0","false",,"50831439.538","50831439.538","0","false","true",
"C","A","20240101","2024","52","2024","764","THA","Thailand","X","Export","0","W00","World","0","W00","World","H6","HS","true","6309","Textiles; worn clothing and other worn articles","4","false","C00","TOTAL CPC","0","0","TOTAL MOT","-1","N/A","0","false","-1","N/A","0","false",,"false","0","false",,"47001738.83","47001738.83","0","false","true",
"C","A","20240101","2024","52","2024","768","TGO","Togo","X","Export","0","W00","World","0","W00","World","H5","HS","true","6309","Textiles; worn clothing and other worn articles","4","false","C00","TOTAL CPC","0","0","TOTAL MOT","8","kg","14035656","false","8","kg","14035656","false","14035656","false","0","false",,"12355611.766","12355611.766","0","false","true",
"C","A","20240101","2024","52","2024","780","TTO","Trinidad and Tobago","X","Export","0","W00","World","0","W00","World","H4","HS","true","6309","Textiles; worn clothing and other worn articles","4","false","C00","TOTAL CPC","0","0","TOTAL MOT","8","kg","18802.672","true","-1","N/A","0","false","18802.672","true","0","false",,"45613.241","45613.241","6","false","true",
"C","A","20240101","2024","52","2024","788","TUN","Tunisia","X","Export","0","W00","World","0","W00","World","H6","HS","true","6309","Textiles; worn clothing and other worn articles","4","false","C00","TOTAL CPC","0","0","TOTAL MOT","8","kg","18263452.341","true","-1","N/A","0","false","18263452.341","true","0","false",,"20104612.184","20104612.184","6","false","true",
"C","A","20240101","2024","52","2024","792","TUR","Türkiye","X","Export","0","W00","World","0","W00","World","H6","HS","true","6309","Textiles; worn clothing and other worn articles","4","false","C00","TOTAL CPC","0","0","TOTAL MOT","8","kg","93182884","false","8","kg","93182884","false","93182884","false","0","false",,"75901291","75901291","0","false","true",
"C","A","20240101","2024","52","2024","800","UGA","Uganda","X","Export","0","W00","World","0","W00","World","H6","HS","true","6309","Textiles; worn clothing and other worn articles","4","false","C00","TOTAL CPC","0","0","TOTAL MOT","8","kg","652273.4","false","8","kg","652273.4","false","652273.4","false","0","false",,"692472.54","692472.54","0","false","true",
"C","A","20240101","2024","52","2024","804","UKR","Ukraine","X","Export","0","W00","World","0","W00","World","H6","HS","true","6309","Textiles; worn clothing and other worn articles","4","false","C00","TOTAL CPC","0","0","TOTAL MOT","8","kg","8466034.06","false","8","kg","8466034.06","false","8466034.06","false","0","false",,"6135950.55","6135950.55","0","false","true",
"C","A","20240101","2024","52","2024","807","MKD","North Macedonia","X","Export","0","W00","World","0","W00","World","H6","HS","true","6309","Textiles; worn clothing and other worn articles","4","false","C00","TOTAL CPC","0","0","TOTAL MOT","8","kg","20417","false","8","kg","20417","false","20417","false","0","false",,"63692.17","63692.17","0","false","true",
"C","A","20240101","2024","52","2024","818","EGY","Egypt","X","Export","0","W00","World","0","W00","World","H6","HS","true","6309","Textiles; worn clothing and other worn articles","4","false","C00","TOTAL CPC","0","0","TOTAL MOT","8","kg","67072.898","true","-1","N/A","0","false","67072.898","true","0","false",,"77221.868","77221.868","6","false","true",
"C","A","20240101","2024","52","2024","826","GBR","United Kingdom","X","Export","0","W00","World","0","W00","World","H6","HS","true","6309","Textiles; worn clothing and other worn articles","4","false","C00","TOTAL CPC","0","0","TOTAL MOT","8","kg","428887092.635","true","-1","N/A","0","false","428887092.635","true","0","false",,"575341990.676","575341990.676","6","false","true",
"C","A","20240101","2024","52","2024","834","TZA","United Rep. of Tanzania","X","Export","0","W00","World","0","W00","World","H6","HS","true","6309","Textiles; worn clothing and other worn articles","4","false","C00","TOTAL CPC","0","0","TOTAL MOT","8","kg","1325758.92","false","8","kg","1325758.92","false","1325758.92","false","0","false",,"361930.296","361930.296","0","false","true",
"C","A","20240101","2024","52","2024","842","USA","USA","X","Export","0","W00","World","0","W00","World","H6","HS","true","6309","Textiles; worn clothing and other worn articles","4","false","C00","TOTAL CPC","0","0","TOTAL MOT","8","kg","673726223.226","true","-1","N/A","0","false","673726223.226","true","0","false",,"846793975","846793975","6","false","true",
"C","A","20240101","2024","52","2024","854","BFA","Burkina Faso","X","Export","0","W00","World","0","W00","World","H6","HS","true","6309","Textiles; worn clothing and other worn articles","4","false","C00","TOTAL CPC","0","0","TOTAL MOT","8","kg","62332","false","8","kg","62332","false","62332","false","0","false",,"521960.774","521960.774","0","false","true",
"C","A","20240101","2024","52","2024","858","URY","Uruguay","X","Export","0","W00","World","0","W00","World","H6","HS","true","6309","Textiles; worn clothing and other worn articles","4","false","C00","TOTAL CPC","0","0","TOTAL MOT","8","kg","510","false","8","kg","510","false","510","false","0","false",,"2342","2342","0","false","true",
"C","A","20240101","2024","52","2024","860","UZB","Uzbekistan","X","Export","0","W00","World","0","W00","World","H6","HS","true","6309","Textiles; worn clothing and other worn articles","4","false","C00","TOTAL CPC","0","0","TOTAL MOT","8","kg","100","false","8","kg","100","false","100","false","0","false",,"50","50","0","false","true",
"C","A","20240101","2024","52","2024","882","WSM","Samoa","X","Export","0","W00","World","0","W00","World","H5","HS","true","6309","Textiles; worn clothing and other worn articles","4","false","C00","TOTAL CPC","0","0","TOTAL MOT","8","kg","4854.606","true","-1","N/A","0","false","4854.606","true","0","false",,"5344.004","5344.004","6","false","true",
"C","A","20240101","2024","52","2024","887","YEM","Yemen","X","Export","0","W00","World","0","W00","World","H5","HS","true","6309","Textiles; worn clothing and other worn articles","4","false","C00","TOTAL CPC","0","0","TOTAL MOT","8","kg","4514.5","false","8","kg","4514.5","false","4514.5","false","0","false",,"4369.667","4369.667","0","false","true",
"C","A","20240101","2024","52","2024","894","ZMB","Zambia","X","Export","0","W00","World","0","W00","World","H6","HS","true","6309","Textiles; worn clothing and other worn articles","4","false","C00","TOTAL CPC","0","0","TOTAL MOT","8","kg","168057.13","false","8","kg","168057.13","false","168057.13","false","0","false",,"434252.557","434252.557","0","false","true",
"C","A","20250101","2025","52","2025","20","AND","Andorra","X","Export","0","W00","World","0","W00","World","H6","HS","true","6309","Textiles; worn clothing and other worn articles","4","false","C00","TOTAL CPC","0","0","TOTAL MOT","8","kg","352895.5","false","8","kg","352895.5","false","352895.5","false","0","false",,"236788.454","236788.454","0","false","true",
"C","A","20250101","2025","52","2025","24","AGO","Angola","X","Export","0","W00","World","0","W00","World","H6","HS","true","6309","Textiles; worn clothing and other worn articles","4","false","C00","TOTAL CPC","0","0","TOTAL MOT","-1","N/A","0","false","-1","N/A","0","false",,"false","0","false","557803.76","557004.17","557004.17","0","false","true",
"C","A","20250101","2025","52","2025","31","AZE","Azerbaijan","X","Export","0","W00","World","0","W00","World","H6","HS","true","6309","Textiles; worn clothing and other worn articles","4","false","C00","TOTAL CPC","0","0","TOTAL MOT","8","kg","37908.3","false","8","kg","37908.3","false","37908.3","false","0","false",,"89143.92","89143.92","0","false","true",
"C","A","20250101","2025","52","2025","36","AUS","Australia","X","Export","0","W00","World","0","W00","World","H6","HS","true","6309","Textiles; worn clothing and other worn articles","4","false","C00","TOTAL CPC","0","0","TOTAL MOT","-1","N/A","0","false","-1","N/A","0","false",,"false","126072.966","false",,"65606791.219","65606791.219","0","false","true",
"C","A","20250101","2025","52","2025","40","AUT","Austria","X","Export","0","W00","World","0","W00","World","H6","HS","true","6309","Textiles; worn clothing and other worn articles","4","false","C00","TOTAL CPC","0","0","TOTAL MOT","8","kg","31740972.844","true","-1","N/A","0","false","31740972.844","true","0","false",,"18290475.324","18290475.324","6","false","true",
"C","A","20250101","2025","52","2025","51","ARM","Armenia","X","Export","0","W00","World","0","W00","World","H6","HS","true","6309","Textiles; worn clothing and other worn articles","4","false","C00","TOTAL CPC","0","0","TOTAL MOT","8","kg","76799.44","false","8","kg","76799.44","false","76799.44","false","0","false",,"418994.45","418994.45","0","false","true",
"C","A","20250101","2025","52","2025","52","BRB","Barbados","X","Export","0","W00","World","0","W00","World","H6","HS","true","6309","Textiles; worn clothing and other worn articles","4","false","C00","TOTAL CPC","0","0","TOTAL MOT","8","kg","4","false","8","kg","4","false","4","false","0","false",,"91","91","0","false","true",
"C","A","20250101","2025","52","2025","56","BEL","Belgium","X","Export","0","W00","World","0","W00","World","H6","HS","true","6309","Textiles; worn clothing and other worn articles","4","false","C00","TOTAL CPC","0","0","TOTAL MOT","-1","N/A","0","false","-1","N/A","0","false",,"false","0","false",,"97602306.226","97602306.226","0","false","true",
"C","A","20250101","2025","52","2025","64","BTN","Bhutan","X","Export","0","W00","World","0","W00","World","H6","HS","true","6309","Textiles; worn clothing and other worn articles","4","false","C00","TOTAL CPC","0","0","TOTAL MOT","8","kg","15103.694","true","-1","N/A","0","false","15103.694","true","0","false",,"16389.623","16389.623","6","false","true",
"C","A","20250101","2025","52","2025","70","BIH","Bosnia Herzegovina","X","Export","0","W00","World","0","W00","World","H6","HS","true","6309","Textiles; worn clothing and other worn articles","4","false","C00","TOTAL CPC","0","0","TOTAL MOT","8","kg","36008.88","false","8","kg","36008.88","false","36008.88","false","0","false",,"77674.724","77674.724","0","false","true",
"C","A","20250101","2025","52","2025","76","BRA","Brazil","X","Export","0","W00","World","0","W00","World","H6","HS","true","6309","Textiles; worn clothing and other worn articles","4","false","C00","TOTAL CPC","0","0","TOTAL MOT","-1","N/A","0","false","-1","N/A","0","false",,"false","0","false",,"117431","117431","0","false","true",
"C","A","20250101","2025","52","2025","84","BLZ","Belize","X","Export","0","W00","World","0","W00","World","H6","HS","true","6309","Textiles; worn clothing and other worn articles","4","false","C00","TOTAL CPC","0","0","TOTAL MOT","8","kg","1562.85","false","8","kg","1562.85","false","1562.85","false","0","false",,"106325","106325","0","false","true",
"C","A","20250101","2025","52","2025","96","BRN","Brunei Darussalam","X","Export","0","W00","World","0","W00","World","H6","HS","true","6309","Textiles; worn clothing and other worn articles","4","false","C00","TOTAL CPC","0","0","TOTAL MOT","8","kg","375","false","8","kg","375","false","375","false","0","false",,"2677.499","2677.499","0","false","true",
"C","A","20250101","2025","52","2025","100","BGR","Bulgaria","X","Export","0","W00","World","0","W00","World","H6","HS","true","6309","Textiles; worn clothing and other worn articles","4","false","C00","TOTAL CPC","0","0","TOTAL MOT","8","kg","36640281.054","true","-1","N/A","0","false","36640281.054","true","0","false",,"62688153.923","62688153.923","6","false","true",
"C","A","20250101","2025","52","2025","124","CAN","Canada","X","Export","0","W00","World","0","W00","World","H6","HS","true","6309","Textiles; worn clothing and other worn articles","4","false","C00","TOTAL CPC","0","0","TOTAL MOT","8","kg","115542713.306","true","-1","N/A","0","false","115542713.306","true","0","false",,"125380026.908","125380026.908","6","false","true",
"C","A","20250101","2025","52","2025","144","LKA","Sri Lanka","X","Export","0","W00","World","0","W00","World","H6","HS","true","6309","Textiles; worn clothing and other worn articles","4","false","C00","TOTAL CPC","0","0","TOTAL MOT","8","kg","141268.708","true","-1","N/A","0","false","141268.708","true","0","false",,"285005.304","285005.304","6","false","true",
"C","A","20250101","2025","52","2025","152","CHL","Chile","X","Export","0","W00","World","0","W00","World","H6","HS","true","6309","Textiles; worn clothing and other worn articles","4","false","C00","TOTAL CPC","0","0","TOTAL MOT","8","kg","12379010.218","false","8","kg","12379010.218","false","12379010.218","false","0","false",,"12355350.944","12355350.944","0","false","true",
"C","A","20250101","2025","52","2025","156","CHN","China","X","Export","0","W00","World","0","W00","World","H6","HS","true","6309","Textiles; worn clothing and other worn articles","4","false","C00","TOTAL CPC","0","0","TOTAL MOT","8","kg","1370380776","false","8","kg","1370380776","false","1370380776","false","0","false",,"406460572","406460572","0","false","true",
"C","A","20250101","2025","52","2025","170","COL","Colombia","X","Export","0","W00","World","0","W00","World","H6","HS","true","6309","Textiles; worn clothing and other worn articles","4","false","C00","TOTAL CPC","0","0","TOTAL MOT","8","kg","159.79","false","8","kg","159.79","false","159.79","false","0","false",,"1734.52","1734.52","0","false","true",
"C","A","20250101","2025","52","2025","191","HRV","Croatia","X","Export","0","W00","World","0","W00","World","H6","HS","true","6309","Textiles; worn clothing and other worn articles","4","false","C00","TOTAL CPC","0","0","TOTAL MOT","8","kg","3219529","false","8","kg","3219529","false","3219529","false","0","false",,"627648","627648","0","false","true",
"C","A","20250101","2025","52","2025","196","CYP","Cyprus","X","Export","0","W00","World","0","W00","World","H6","HS","true","6309","Textiles; worn clothing and other worn articles","4","false","C00","TOTAL CPC","0","0","TOTAL MOT","8","kg","3269120","false","8","kg","3269120","false","3269120","false","0","false",,"1413398.719","1413398.719","0","false","true",
"C","A","20250101","2025","52","2025","203","CZE","Czechia","X","Export","0","W00","World","0","W00","World","H6","HS","true","6309","Textiles; worn clothing and other worn articles","4","false","C00","TOTAL CPC","0","0","TOTAL MOT","8","kg","33394356.844","true","-1","N/A","0","false","33394356.844","true","0","false",,"25791062","25791062","6","false","true",
"C","A","20250101","2025","52","2025","208","DNK","Denmark","X","Export","0","W00","World","0","W00","World","H6","HS","true","6309","Textiles; worn clothing and other worn articles","4","false","C00","TOTAL CPC","0","0","TOTAL MOT","8","kg","21967246","false","8","kg","21967246","false","21967246","false","0","false",,"10905811.729","10905811.729","0","false","true",
"C","A","20250101","2025","52","2025","214","DOM","Dominican Rep.","X","Export","0","W00","World","0","W00","World","H6","HS","true","6309","Textiles; worn clothing and other worn articles","4","false","C00","TOTAL CPC","0","0","TOTAL MOT","8","kg","100662.08","false","-1","N/A","0","false","100662.08","false","0","false",,"89823.544","89823.544","0","false","true",
"C","A","20250101","2025","52","2025","218","ECU","Ecuador","X","Export","0","W00","World","0","W00","World","H6","HS","true","6309","Textiles; worn clothing and other worn articles","4","false","C00","TOTAL CPC","0","0","TOTAL MOT","8","kg","11871.427","false","8","kg","11871.427","false","107.322","false","0","false",,"3427.08","3427.08","0","false","true",
"C","A","20250101","2025","52","2025","222","SLV","El Salvador","X","Export","0","W00","World","0","W00","World","H6","HS","true","6309","Textiles; worn clothing and other worn articles","4","false","C00","TOTAL CPC","0","0","TOTAL MOT","8","kg","727687.47","false","8","kg","727687.47","false","727687.47","false","0","false",,"1065856.47","1065856.47","0","false","true",
"C","A","20250101","2025","52","2025","233","EST","Estonia","X","Export","0","W00","World","0","W00","World","H6","HS","true","6309","Textiles; worn clothing and other worn articles","4","false","C00","TOTAL CPC","0","0","TOTAL MOT","8","kg","6049334.15","false","8","kg","6049334.15","false","6049334.15","false","0","false",,"4011909.53","4011909.53","0","false","true",
"C","A","20250101","2025","52","2025","242","FJI","Fiji","X","Export","0","W00","World","0","W00","World","H6","HS","true","6309","Textiles; worn clothing and other worn articles","4","false","C00","TOTAL CPC","0","0","TOTAL MOT","8","kg","30604.75","false","8","kg","30604.75","false","30604.75","false","0","false",,"47566.078","47566.078","0","false","true",
"C","A","20250101","2025","52","2025","246","FIN","Finland","X","Export","0","W00","World","0","W00","World","H6","HS","true","6309","Textiles; worn clothing and other worn articles","4","false","C00","TOTAL CPC","0","0","TOTAL MOT","8","kg","22588563.573","true","-1","N/A","0","false","22588563.573","true","0","false",,"21634186.983","21634186.983","6","false","true",
"C","A","20250101","2025","52","2025","251","FRA","France","X","Export","0","W00","World","0","W00","World","H6","HS","true","6309","Textiles; worn clothing and other worn articles","4","false","C00","TOTAL CPC","0","0","TOTAL MOT","-1","N/A","0","false","-1","N/A","0","false",,"false","0","false",,"91607941.443","91607941.443","0","false","true",
"C","A","20250101","2025","52","2025","268","GEO","Georgia","X","Export","0","W00","World","0","W00","World","H6","HS","true","6309","Textiles; worn clothing and other worn articles","4","false","C00","TOTAL CPC","0","0","TOTAL MOT","8","kg","162112.8","false","8","kg","162112.8","false","162112.8","false","0","false",,"509337.872","509337.872","0","false","true",
"C","A","20250101","2025","52","2025","276","DEU","Germany","X","Export","0","W00","World","0","W00","World","H6","HS","true","6309","Textiles; worn clothing and other worn articles","4","false","C00","TOTAL CPC","0","0","TOTAL MOT","8","kg","410933099.394","true","-1","N/A","0","false","410933099.394","true","0","false",,"208285414.705","208285414.705","6","false","true",
"C","A","20250101","2025","52","2025","288","GHA","Ghana","X","Export","0","W00","World","0","W00","World","H6","HS","true","6309","Textiles; worn clothing and other worn articles","4","false","C00","TOTAL CPC","0","0","TOTAL MOT","-1","N/A","0","false","8","kg","704855","false","1456867.895","false","0","false",,"967421.496","967421.496","0","false","true",
"C","A","20250101","2025","52","2025","300","GRC","Greece","X","Export","0","W00","World","0","W00","World","H6","HS","true","6309","Textiles; worn clothing and other worn articles","4","false","C00","TOTAL CPC","0","0","TOTAL MOT","-1","N/A","0","false","-1","N/A","0","false",,"false","0","false",,"5196597.66","5196597.66","0","false","true",
"C","A","20250101","2025","52","2025","320","GTM","Guatemala","X","Export","0","W00","World","0","W00","World","H6","HS","true","6309","Textiles; worn clothing and other worn articles","4","false","C00","TOTAL CPC","0","0","TOTAL MOT","8","kg","1431873","false","8","kg","1431873","false","1431873","false","0","false",,"1532860","1532860","0","false","true",
"C","A","20250101","2025","52","2025","328","GUY","Guyana","X","Export","0","W00","World","0","W00","World","H5","HS","true","6309","Textiles; worn clothing and other worn articles","4","false","C00","TOTAL CPC","0","0","TOTAL MOT","8","kg","29953.96","false","5","u","31501","false","29953.96","false","0","false",,"63381.087","63381.087","0","false","true",
"C","A","20250101","2025","52","2025","344","HKG","China, Hong Kong SAR","X","Export","0","W00","World","0","W00","World","H6","HS","true","6309","Textiles; worn clothing and other worn articles","4","false","C00","TOTAL CPC","0","0","TOTAL MOT","8","kg","20924539","false","8","kg","20924539","false","20924539","false","0","false",,"16593713.422","16593713.422","0","false","true",
"C","A","20250101","2025","52","2025","348","HUN","Hungary","X","Export","0","W00","World","0","W00","World","H6","HS","true","6309","Textiles; worn clothing and other worn articles","4","false","C00","TOTAL CPC","0","0","TOTAL MOT","8","kg","58090383.057","true","-1","N/A","0","false","58549970.745","false","0","false",,"63036201.785","63036201.785","2","false","true",
"C","A","20250101","2025","52","2025","352","ISL","Iceland","X","Export","0","W00","World","0","W00","World","H6","HS","true","6309","Textiles; worn clothing and other worn articles","4","false","C00","TOTAL CPC","0","0","TOTAL MOT","8","kg","773548","false","8","kg","773548","false","773548","false","0","false",,"245483.253","245483.253","0","false","true",
"C","A","20250101","2025","52","2025","360","IDN","Indonesia","X","Export","0","W00","World","0","W00","World","H6","HS","true","6309","Textiles; worn clothing and other worn articles","4","false","C00","TOTAL CPC","0","0","TOTAL MOT","-1","N/A","0","false","-1","N/A","0","false",,"false","0","false",,"410861.585","410861.585","0","false","true",
"C","A","20250101","2025","52","2025","372","IRL","Ireland","X","Export","0","W00","World","0","W00","World","H6","HS","true","6309","Textiles; worn clothing and other worn articles","4","false","C00","TOTAL CPC","0","0","TOTAL MOT","8","kg","14233213.246","true","-1","N/A","0","false","14233213.246","true","0","false",,"10288293.302","10288293.302","6","false","true",
"C","A","20250101","2025","52","2025","376","ISR","Israel","X","Export","0","W00","World","0","W00","World","H6","HS","true","6309","Textiles; worn clothing and other worn articles","4","false","C00","TOTAL CPC","0","0","TOTAL MOT","8","kg","13674732.452","true","-1","N/A","0","false","13674732.452","true","0","false",,"14839000","14839000","6","false","true",
"C","A","20250101","2025","52","2025","380","ITA","Italy","X","Export","0","W00","World","0","W00","World","H6","HS","true","6309","Textiles; worn clothing and other worn articles","4","false","C00","TOTAL CPC","0","0","TOTAL MOT","-1","N/A","0","false","-1","N/A","0","false",,"false","0","false",,"124947523.252","124947523.252","0","false","true",
"C","A","20250101","2025","52","2025","384","CIV","Côte d'Ivoire","X","Export","0","W00","World","0","W00","World","H6","HS","true","6309","Textiles; worn clothing and other worn articles","4","false","C00","TOTAL CPC","0","0","TOTAL MOT","8","kg","133689","false","-1","N/A","0","false","133726","false","0","false",,"29611.029","29611.029","0","false","true",
"C","A","20250101","2025","52","2025","388","JAM","Jamaica","X","Export","0","W00","World","0","W00","World","H6","HS","true","6309","Textiles; worn clothing and other worn articles","4","false","C00","TOTAL CPC","0","0","TOTAL MOT","8","kg","3436.61","false","8","kg","3436.61","false","3436.61","false","0","false",,"54882.03","54882.03","0","false","true",
"C","A","20250101","2025","52","2025","392","JPN","Japan","X","Export","0","W00","World","0","W00","World","H6","HS","true","6309","Textiles; worn clothing and other worn articles","4","false","C00","TOTAL CPC","0","0","TOTAL MOT","-1","N/A","0","false","-1","N/A","0","false",,"false","0","false",,"95189359.57","95189359.57","0","false","true",
"C","A","20250101","2025","52","2025","398","KAZ","Kazakhstan","X","Export","0","W00","World","0","W00","World","H6","HS","true","6309","Textiles; worn clothing and other worn articles","4","false","C00","TOTAL CPC","0","0","TOTAL MOT","8","kg","24385856","false","8","kg","24385856","false","24385856","false","0","false",,"1036369.1","1036369.1","0","false","true",
"C","A","20250101","2025","52","2025","404","KEN","Kenya","X","Export","0","W00","World","0","W00","World","H6","HS","true","6309","Textiles; worn clothing and other worn articles","4","false","C00","TOTAL CPC","0","0","TOTAL MOT","8","kg","1276911.79","false","8","kg","1276911.79","false","1276911.79","false","0","false",,"631740.875","631740.875","0","false","true",
"C","A","20250101","2025","52","2025","410","KOR","Rep. of Korea","X","Export","0","W00","World","0","W00","World","H6","HS","true","6309","Textiles; worn clothing and other worn articles","4","false","C00","TOTAL CPC","0","0","TOTAL MOT","8","kg","305067211.824","true","-1","N/A","0","false","305067211.824","true","0","false",,"346777939","346777939","6","false","true",
"C","A","20250101","2025","52","2025","414","KWT","Kuwait","X","Export","0","W00","World","0","W00","World","H6","HS","true","6309","Textiles; worn clothing and other worn articles","4","false","C00","TOTAL CPC","0","0","TOTAL MOT","8","kg","4681653.363","true","-1","N/A","0","false","10832352.85","false","0","false",,"5080249.613","5080249.613","2","false","true",
"C","A","20250101","2025","52","2025","417","KGZ","Kyrgyzstan","X","Export","0","W00","World","0","W00","World","H6","HS","true","6309","Textiles; worn clothing and other worn articles","4","false","C00","TOTAL CPC","0","0","TOTAL MOT","8","kg","311631","false","8","kg","311631","false","311631","false","0","false",,"375067","375067","0","false","true",
"C","A","20250101","2025","52","2025","428","LVA","Latvia","X","Export","0","W00","World","0","W00","World","H6","HS","true","6309","Textiles; worn clothing and other worn articles","4","false","C00","TOTAL CPC","0","0","TOTAL MOT","8","kg","6949882","false","8","kg","6949882","false","6949882","false","0","false",,"7503153.868","7503153.868","0","false","true",
"C","A","20250101","2025","52","2025","440","LTU","Lithuania","X","Export","0","W00","World","0","W00","World","H6","HS","true","6309","Textiles; worn clothing and other worn articles","4","false","C00","TOTAL CPC","0","0","TOTAL MOT","8","kg","52352076.58","false","8","kg","52352076.58","false","52352076.58","false","0","false",,"69318650","69318650","0","false","true",
"C","A","20250101","2025","52","2025","442","LUX","Luxembourg","X","Export","0","W00","World","0","W00","World","H6","HS","true","6309","Textiles; worn clothing and other worn articles","4","false","C00","TOTAL CPC","0","0","TOTAL MOT","8","kg","1236","false","8","kg","1236","false","1236","false","0","false",,"21246.79","21246.79","0","false","true",
"C","A","20250101","2025","52","2025","446","MAC","China, Macao SAR","X","Export","0","W00","World","0","W00","World","H6","HS","true","6309","Textiles; worn clothing and other worn articles","4","false","C00","TOTAL CPC","0","0","TOTAL MOT","8","kg","294078.634","true","-1","N/A","0","false","294078.634","true","0","false",,"179295.586","179295.586","6","false","true",
"C","A","20250101","2025","52","2025","454","MWI","Malawi","X","Export","0","W00","World","0","W00","World","H6","HS","true","6309","Textiles; worn clothing and other worn articles","4","false","C00","TOTAL CPC","0","0","TOTAL MOT","8","kg","64799.85","false","5","u","23796","false","64799.85","false","0","false",,"167524.663","167524.663","0","false","true",
"C","A","20250101","2025","52","2025","458","MYS","Malaysia","X","Export","0","W00","World","0","W00","World","H6","HS","true","6309","Textiles; worn clothing and other worn articles","4","false","C00","TOTAL CPC","0","0","TOTAL MOT","8","kg","113209098.21","false","8","kg","113209098.21","false","113209098.21","false","0","false",,"100764245.194","100764245.194","0","false","true",
"C","A","20250101","2025","52","2025","470","MLT","Malta","X","Export","0","W00","World","0","W00","World","H6","HS","true","6309","Textiles; worn clothing and other worn articles","4","false","C00","TOTAL CPC","0","0","TOTAL MOT","8","kg","1726376","false","8","kg","1726376","false","1726376","false","0","false",,"908900.494","908900.494","0","false","true",
"C","A","20250101","2025","52","2025","480","MUS","Mauritius","X","Export","0","W00","World","0","W00","World","H6","HS","true","6309","Textiles; worn clothing and other worn articles","4","false","C00","TOTAL CPC","0","0","TOTAL MOT","8","kg","27395","false","8","kg","27395","false","26956","false","0","false",,"22180.419","22180.419","0","false","true",
"C","A","20250101","2025","52","2025","498","MDA","Rep. of Moldova","X","Export","0","W00","World","0","W00","World","H6","HS","true","6309","Textiles; worn clothing and other worn articles","4","false","C00","TOTAL CPC","0","0","TOTAL MOT","8","kg","23320","false","8","kg","23320","false","23320","false","0","false",,"62355","62355","0","false","true",
"C","A","20250101","2025","52","2025","499","MNE","Montenegro","X","Export","0","W00","World","0","W00","World","H6","HS","true","6309","Textiles; worn clothing and other worn articles","4","false","C00","TOTAL CPC","0","0","TOTAL MOT","8","kg","89884.92","false","8","kg","89884.92","false","89884.92","false","0","false",,"428760.476","428760.476","0","false","true",
"C","A","20250101","2025","52","2025","504","MAR","Morocco","X","Export","0","W00","World","0","W00","World","H6","HS","true","6309","Textiles; worn clothing and other worn articles","4","false","C00","TOTAL CPC","0","0","TOTAL MOT","8","kg","26793770","false","8","kg","26793770","false","26793770","false","0","false",,"19495698.852","19495698.852","0","false","true",
"C","A","20250101","2025","52","2025","508","MOZ","Mozambique","X","Export","0","W00","World","0","W00","World","H6","HS","true","6309","Textiles; worn clothing and other worn articles","4","false","C00","TOTAL CPC","0","0","TOTAL MOT","8","kg","60","false","8","kg","60","false","60","false","0","false",,"1773.37","1773.37","0","false","true",
"C","A","20250101","2025","52","2025","512","OMN","Oman","X","Export","0","W00","World","0","W00","World","H6","HS","true","6309","Textiles; worn clothing and other worn articles","4","false","C00","TOTAL CPC","0","0","TOTAL MOT","8","kg","10922345.997","true","-1","N/A","0","false","10922345.997","true","0","false",,"3259927.173","3259927.173","6","false","true",
"C","A","20250101","2025","52","2025","528","NLD","Netherlands","X","Export","0","W00","World","0","W00","World","H6","HS","true","6309","Textiles; worn clothing and other worn articles","4","false","C00","TOTAL CPC","0","0","TOTAL MOT","8","kg","160435457","false","8","kg","160435457","false","160435457","false","0","false",,"195168539.246","195168539.246","0","false","true",
"C","A","20250101","2025","52","2025","554","NZL","New Zealand","X","Export","0","W00","World","0","W00","World","H6","HS","true","6309","Textiles; worn clothing and other worn articles","4","false","C00","TOTAL CPC","0","0","TOTAL MOT","8","kg","5762365.345","true","-1","N/A","0","false","5762365.345","true","6096524","false",,"6360694.699","6360694.699","6","false","true",
"C","A","20250101","2025","52","2025","579","NOR","Norway","X","Export","0","W00","World","0","W00","World","H6","HS","true","6309","Textiles; worn clothing and other worn articles","4","false","C00","TOTAL CPC","0","0","TOTAL MOT","8","kg","32864872","false","8","kg","32864872","false","32864872","false","0","false",,"27222781.906","27222781.906","0","false","true",
"C","A","20250101","2025","52","2025","586","PAK","Pakistan","X","Export","0","W00","World","0","W00","World","H6","HS","true","6309","Textiles; worn clothing and other worn articles","4","false","C00","TOTAL CPC","0","0","TOTAL MOT","8","kg","317421729","false","8","kg","317421729","false","317421729","false","0","false",,"281070712.96","281070712.96","0","false","true",
"C","A","20250101","2025","52","2025","591","PAN","Panama","X","Export","0","W00","World","0","W00","World","H6","HS","true","6309","Textiles; worn clothing and other worn articles","4","false","C00","TOTAL CPC","0","0","TOTAL MOT","8","kg","2764.62","true","-1","N/A","0","false","81898","false","81808","false",,"3000","3000","2","false","true",
"C","A","20250101","2025","52","2025","608","PHL","Philippines","X","Export","0","W00","World","0","W00","World","H6","HS","true","6309","Textiles; worn clothing and other worn articles","4","false","C00","TOTAL CPC","0","0","TOTAL MOT","8","kg","24539074.94","false","8","kg","24539074.94","false","24539074.94","false","24539074.94","false",,"8058269","8058269","0","false","true",
"C","A","20250101","2025","52","2025","616","POL","Poland","X","Export","0","W00","World","0","W00","World","H6","HS","true","6309","Textiles; worn clothing and other worn articles","4","false","C00","TOTAL CPC","0","0","TOTAL MOT","8","kg","169542985.201","true","-1","N/A","0","false","169542985.201","true","0","false",,"168864047","168864047","6","false","true",
"C","A","20250101","2025","52","2025","620","PRT","Portugal","X","Export","0","W00","World","0","W00","World","H6","HS","true","6309","Textiles; worn clothing and other worn articles","4","false","C00","TOTAL CPC","0","0","TOTAL MOT","8","kg","25456646.487","true","-1","N/A","0","false","25456646.487","true","0","false",,"12198834.901","12198834.901","6","false","true",
"C","A","20250101","2025","52","2025","642","ROU","Romania","X","Export","0","W00","World","0","W00","World","H6","HS","true","6309","Textiles; worn clothing and other worn articles","4","false","C00","TOTAL CPC","0","0","TOTAL MOT","8","kg","4250119.37","false","8","kg","4250119.37","false","4250119.37","false","0","false",,"4235636.13","4235636.13","0","false","true",
"C","A","20250101","2025","52","2025","678","STP","Sao Tome and Principe","X","Export","0","W00","World","0","W00","World","H6","HS","true","6309","Textiles; worn clothing and other worn articles","4","false","C00","TOTAL CPC","0","0","TOTAL MOT","8","kg","3232","false","8","kg","3232","false","3232","false","0","false",,"5770.983","5770.983","0","false","true",
"C","A","20250101","2025","52","2025","682","SAU","Saudi Arabia","X","Export","0","W00","World","0","W00","World","H6","HS","true","6309","Textiles; worn clothing and other worn articles","4","false","C00","TOTAL CPC","0","0","TOTAL MOT","8","kg","80908982","false","8","kg","80908982","false","80908982","false","0","false",,"44253672.82","44253672.82","0","false","true",
"C","A","20250101","2025","52","2025","688","SRB","Serbia","X","Export","0","W00","World","0","W00","World","H6","HS","true","6309","Textiles; worn clothing and other worn articles","4","false","C00","TOTAL CPC","0","0","TOTAL MOT","8","kg","231661","false","8","kg","231661","false","231661","false","0","false",,"250083","250083","0","false","true",
"C","A","20250101","2025","52","2025","699","IND","India","X","Export","0","W00","World","0","W00","World","H6","HS","true","6309","Textiles; worn clothing and other worn articles","4","false","C00","TOTAL CPC","0","0","TOTAL MOT","8","kg","73356471","false","8","kg","73356471","false","73356471","false","0","false",,"85089169.873","85089169.873","0","false","true",
"C","A","20250101","2025","52","2025","702","SGP","Singapore","X","Export","0","W00","World","0","W00","World","H6","HS","true","6309","Textiles; worn clothing and other worn articles","4","false","C00","TOTAL CPC","0","0","TOTAL MOT","8","kg","6552579.641","true","-1","N/A","0","false","6552579.641","true","0","false",,"14938415.509","14938415.509","6","false","true",
"C","A","20250101","2025","52","2025","703","SVK","Slovakia","X","Export","0","W00","World","0","W00","World","H6","HS","true","6309","Textiles; worn clothing and other worn articles","4","false","C00","TOTAL CPC","0","0","TOTAL MOT","8","kg","34929458","false","8","kg","34929458","false","34929458","false","0","false",,"39931276.786","39931276.786","0","false","true",
"C","A","20250101","2025","52","2025","705","SVN","Slovenia","X","Export","0","W00","World","0","W00","World","H6","HS","true","6309","Textiles; worn clothing and other worn articles","4","false","C00","TOTAL CPC","0","0","TOTAL MOT","8","kg","8321148.536","false","8","kg","8321148.536","false","8321148.536","false","0","false",,"2562382.225","2562382.225","0","false","true",
"C","A","20250101","2025","52","2025","710","ZAF","South Africa","X","Export","0","W00","World","0","W00","World","H6","HS","true","6309","Textiles; worn clothing and other worn articles","4","false","C00","TOTAL CPC","0","0","TOTAL MOT","8","kg","2025906.313","true","-1","N/A","0","false","2025906.313","true","0","false",,"1969062.07","1969062.07","6","false","true",
"C","A","20250101","2025","52","2025","724","ESP","Spain","X","Export","0","W00","World","0","W00","World","H6","HS","true","6309","Textiles; worn clothing and other worn articles","4","false","C00","TOTAL CPC","0","0","TOTAL MOT","8","kg","167247784.614","false","8","kg","167247784.614","false","167247784.614","false","0","false",,"92856951.601","92856951.601","0","false","true",
"C","A","20250101","2025","52","2025","728","SSD","South Sudan","X","Export","0","W00","World","0","W00","World","H6","HS","true","6309","Textiles; worn clothing and other worn articles","4","false","C00","TOTAL CPC","0","0","TOTAL MOT","8","kg","1557","false","8","kg","1557","false","1557","false","0","false",,"5381.411","5381.411","0","false","true",
"C","A","20250101","2025","52","2025","740","SUR","Suriname","X","Export","0","W00","World","0","W00","World","H3","HS","true","6309","Textiles; worn clothing and other worn articles","4","false","C00","TOTAL CPC","0","0","TOTAL MOT","8","kg","41944.47","false","5","u","3859","false","41944.47","false","42249.47","false",,"59805.224","59805.224","0","false","true",
"C","A","20250101","2025","52","2025","752","SWE","Sweden","X","Export","0","W00","World","0","W00","World","H6","HS","true","6309","Textiles; worn clothing and other worn articles","4","false","C00","TOTAL CPC","0","0","TOTAL MOT","8","kg","31455782.714","true","-1","N/A","0","false","31455782.714","true","0","false",,"21433257.983","21433257.983","6","false","true",
"C","A","20250101","2025","52","2025","757","CHE","Switzerland","X","Export","0","W00","World","0","W00","World","H6","HS","true","6309","Textiles; worn clothing and other worn articles","4","false","C00","TOTAL CPC","0","0","TOTAL MOT","8","kg","61662707.507","true","-1","N/A","0","false","61662707.507","true","0","false",,"47858321.055","47858321.055","6","false","true",
"C","A","20250101","2025","52","2025","764","THA","Thailand","X","Export","0","W00","World","0","W00","World","H6","HS","true","6309","Textiles; worn clothing and other worn articles","4","false","C00","TOTAL CPC","0","0","TOTAL MOT","-1","N/A","0","false","-1","N/A","0","false",,"false","0","false",,"54084400.092","54084400.092","0","false","true",
"C","A","20250101","2025","52","2025","768","TGO","Togo","X","Export","0","W00","World","0","W00","World","H5","HS","true","6309","Textiles; worn clothing and other worn articles","4","false","C00","TOTAL CPC","0","0","TOTAL MOT","8","kg","12985161","false","8","kg","12985161","false","12985161","false","0","false",,"10542214.063","10542214.063","0","false","true",
"C","A","20250101","2025","52","2025","776","TON","Tonga","X","Export","0","W00","World","0","W00","World","H5","HS","true","6309","Textiles; worn clothing and other worn articles","4","false","C00","TOTAL CPC","0","0","TOTAL MOT","8","kg","14123.12","true","-1","N/A","0","false","14123.12","true","0","false",,"15325.564","15325.564","6","false","true",
"C","A","20250101","2025","52","2025","780","TTO","Trinidad and Tobago","X","Export","0","W00","World","0","W00","World","H6","HS","true","6309","Textiles; worn clothing and other worn articles","4","false","C00","TOTAL CPC","0","0","TOTAL MOT","8","kg","76582","false","8","kg","76582","false","76582","false","0","false",,"48214.947","48214.947","0","false","true",
"C","A","20250101","2025","52","2025","792","TUR","Türkiye","X","Export","0","W00","World","0","W00","World","H6","HS","true","6309","Textiles; worn clothing and other worn articles","4","false","C00","TOTAL CPC","0","0","TOTAL MOT","-1","N/A","0","false","8","kg","0","false","104786078","false","0","false",,"84689760","84689760","0","false","true",
"C","A","20250101","2025","52","2025","800","UGA","Uganda","X","Export","0","W00","World","0","W00","World","H6","HS","true","6309","Textiles; worn clothing and other worn articles","4","false","C00","TOTAL CPC","0","0","TOTAL MOT","8","kg","1587863.44","false","8","kg","1587863.44","false","1587863.44","false","0","false",,"2019799.59","2019799.59","0","false","true",
"C","A","20250101","2025","52","2025","807","MKD","North Macedonia","X","Export","0","W00","World","0","W00","World","H6","HS","true","6309","Textiles; worn clothing and other worn articles","4","false","C00","TOTAL CPC","0","0","TOTAL MOT","8","kg","15214","false","8","kg","15214","false","15214","false","0","false",,"9629.781","9629.781","0","false","true",
"C","A","20250101","2025","52","2025","818","EGY","Egypt","X","Export","0","W00","World","0","W00","World","H6","HS","true","6309","Textiles; worn clothing and other worn articles","4","false","C00","TOTAL CPC","0","0","TOTAL MOT","8","kg","55875.078","true","-1","N/A","0","false","55875.078","true","0","false",,"60632.286","60632.286","6","false","true",
"C","A","20250101","2025","52","2025","826","GBR","United Kingdom","X","Export","0","W00","World","0","W00","World","H6","HS","true","6309","Textiles; worn clothing and other worn articles","4","false","C00","TOTAL CPC","0","0","TOTAL MOT","-1","N/A","0","false","-1","N/A","0","false",,"false","0","false",,"513987016.69","513987016.69","0","false","true",
"C","A","20250101","2025","52","2025","834","TZA","United Rep. of Tanzania","X","Export","0","W00","World","0","W00","World","H6","HS","true","6309","Textiles; worn clothing and other worn articles","4","false","C00","TOTAL CPC","0","0","TOTAL MOT","8","kg","1107719.074","false","8","kg","1107719.074","false","1107719.074","false","0","false",,"324659.068","324659.068","0","false","true",
"C","A","20250101","2025","52","2025","842","USA","USA","X","Export","0","W00","World","0","W00","World","H6","HS","true","6309","Textiles; worn clothing and other worn articles","4","false","C00","TOTAL CPC","0","0","TOTAL MOT","-1","N/A","0","false","-1","N/A","0","false",,"false","0","false",,"993711845","993711845","0","false","true",
"C","A","20250101","2025","52","2025","858","URY","Uruguay","X","Export","0","W00","World","0","W00","World","H6","HS","true","6309","Textiles; worn clothing and other worn articles","4","false","C00","TOTAL CPC","0","0","TOTAL MOT","8","kg","182","false","8","kg","182","false","182","false","0","false",,"1180","1180","0","false","true",
